[{"model": "squadServices.user", "pk": 1, "fields": {"password": "pbkdf2_sha256$1000000$E28jnCe8Gc2TSeIqCtetJw$9dgY+rrn4Z8dqGu+XJ5dFmD+OC5tjowothEiYnoRMPQ=", "last_login": "2025-11-25T04:28:22.817Z", "is_superuser": true, "username": "sweta", "first_name": "", "last_name": "", "email": "", "is_staff": true, "is_active": true, "date_joined": "2025-10-30T19:40:38Z", "phone": "9818147006", "userType": "ADMIN", "isDeleted": false, "createdAt": "2025-11-19T11:16:07.574Z", "updatedAt": "2025-11-19T11:16:07.647Z", "groups": [], "user_permissions": []}}, {"model": "squadServices.user", "pk": 2, "fields": {"password": "pbkdf2_sha256$1000000$1s9zgQmzginlIhkkz5rapd$+x5nUzLrJyGtHDOvXMeSWE1jtHLDDx7h1tnGcnTNmYc=", "last_login": null, "is_superuser": false, "username": "shree", "first_name": "", "last_name": "", "email": "shree@example.com", "is_staff": false, "is_active": true, "date_joined": "2025-11-01T16:43:19Z", "phone": "9812345678", "userType": "SALES", "isDeleted": false, "createdAt": "2025-11-19T11:16:07.574Z", "updatedAt": "2025-11-19T11:16:07.647Z", "groups": [], "user_permissions": []}}, {"model": "squadServices.user", "pk": 3, "fields": {"password": "pbkdf2_sha256$1000000$hQWNPSFreNvX8EpHq6RodY$uJqP7YvTRjpIcnafRnhzSZ+F40a7fXTtHoyROvAMHWI=", "last_login": null, "is_superuser": false, "username": "dhakal", "first_name": "", "last_name": "", "email": "dhakal@example.com", "is_staff": false, "is_active": true, "date_joined": "2025-11-02T07:26:43Z", "phone": "9812335678", "userType": "SUPPORT", "isDeleted": false, "createdAt": "2025-11-19T11:16:07.574Z", "updatedAt": "2025-11-19T11:16:07.647Z", "groups": [], "user_permissions": []}}, {"model": "squadServices.user", "pk": 4, "fields": {"password": "pbkdf2_sha256$1000000$Pi73MXnnSe1i5H1Wgq3hhH$CHJMXQIEAUovBY9x72kwZo5UUVBOVpjT7sht8AOOYCA=", "last_login": null, "is_superuser": false, "username": "tester", "first_name": "", "last_name": "", "email": "test.maha10@gmail.com", "is_staff": false, "is_active": true, "date_joined": "2025-11-02T07:33:31Z", "phone": "1234567890", "userType": "NOC", "isDeleted": false, "createdAt": "2025-11-19T11:16:07.574Z", "updatedAt": "2025-11-19T11:16:07.647Z", "groups": [], "user_permissions": []}}, {"model": "squadServices.navitem", "pk": 1, "fields": {"label": "Dashboard", "parent": null, "url": "dashboard", "order": 1, "is_active": true, "icon": "LayoutDashboard", "isDeleted": false, "createdBy": null, "createdAt": "2025-11-19T11:16:07.268Z", "updatedBy": null, "updatedAt": "2025-11-19T11:16:07.346Z"}}, {"model": "squadServices.navitem", "pk": 2, "fields": {"label": "User", "parent": null, "url": "users", "order": 2, "is_active": true, "icon": "User", "isDeleted": false, "createdBy": null, "createdAt": "2025-11-19T11:16:07.268Z", "updatedBy": null, "updatedAt": "2025-11-19T11:16:07.346Z"}}, {"model": "squadServices.navitem", "pk": 4, "fields": {"label": "Module List", "parent": null, "url": "createSidebar", "order": 0, "is_active": true, "icon": "SquarePlus", "isDeleted": false, "createdBy": null, "createdAt": "2025-11-19T11:16:07.268Z", "updatedBy": null, "updatedAt": "2025-11-19T11:16:07.346Z"}}, {"model": "squadServices.navitem", "pk": 14, "fields": {"label": "Role", "parent": null, "url": "role", "order": 1, "is_active": true, "icon": "Settings2", "isDeleted": false, "createdBy": null, "createdAt": "2025-11-19T11:16:07.268Z", "updatedBy": null, "updatedAt": "2025-11-19T11:16:07.346Z"}}, {"model": "squadServices.navitem", "pk": 20, "fields": {"label": "Create Campaign", "parent": null, "url": "campaign", "order": 1, "is_active": true, "icon": "CirclePlus", "isDeleted": false, "createdBy": null, "createdAt": "2025-11-19T11:16:07.268Z", "updatedBy": null, "updatedAt": "2025-11-19T11:16:07.346Z"}}, {"model": "squadServices.navitem", "pk": 21, "fields": {"label": "Template", "parent": null, "url": "template", "order": 1, "is_active": true, "icon": "LayoutTemplate", "isDeleted": false, "createdBy": null, "createdAt": "2025-11-19T11:16:07.268Z", "updatedBy": null, "updatedAt": "2025-11-19T11:16:07.346Z"}}, {"model": "squadServices.navitem", "pk": 46, "fields": {"label": "Email Template", "parent": null, "url": "emailTemplate", "order": 1, "is_active": true, "icon": "MailPlus", "isDeleted": false, "createdBy": null, "createdAt": "2025-11-19T11:16:07.268Z", "updatedBy": null, "updatedAt": "2025-11-19T11:16:07.346Z"}}, {"model": "squadServices.navitem", "pk": 60, "fields": {"label": "Settings", "parent": null, "url": "setting", "order": 1, "is_active": true, "icon": "Settings", "isDeleted": false, "createdBy": null, "createdAt": "2025-11-19T11:16:07.268Z", "updatedBy": null, "updatedAt": "2025-11-19T11:16:07.346Z"}}, {"model": "squadServices.navitem", "pk": 61, "fields": {"label": "SMTP", "parent": 60, "url": "setting/smtp", "order": 1, "is_active": true, "icon": "Mail", "isDeleted": false, "createdBy": null, "createdAt": "2025-11-19T11:16:07.268Z", "updatedBy": null, "updatedAt": "2025-11-19T11:16:07.346Z"}}, {"model": "squadServices.navitem", "pk": 65, "fields": {"label": "Send Mail", "parent": null, "url": "sendMail", "order": 1, "is_active": true, "icon": "Mail", "isDeleted": false, "createdBy": null, "createdAt": "2025-11-19T11:16:07.268Z", "updatedBy": null, "updatedAt": "2025-11-19T11:16:07.346Z"}}, {"model": "squadServices.navitem", "pk": 67, "fields": {"label": "State", "parent": 60, "url": "setting/state", "order": 1, "is_active": true, "icon": "LandPlot", "isDeleted": false, "createdBy": null, "createdAt": "2025-11-19T11:16:07.268Z", "updatedBy": null, "updatedAt": "2025-11-19T11:16:07.346Z"}}, {"model": "squadServices.navitem", "pk": 69, "fields": {"label": "Country", "parent": 60, "url": "setting/country", "order": 1, "is_active": true, "icon": "Globe", "isDeleted": false, "createdBy": null, "createdAt": "2025-11-19T11:16:07.268Z", "updatedBy": null, "updatedAt": "2025-11-19T11:16:07.346Z"}}, {"model": "squadServices.navitem", "pk": 70, "fields": {"label": "Currency", "parent": 60, "url": "setting/currency", "order": 1, "is_active": true, "icon": "CircleDollarSign", "isDeleted": false, "createdBy": null, "createdAt": "2025-11-19T11:16:07.268Z", "updatedBy": null, "updatedAt": "2025-11-19T11:16:07.346Z"}}, {"model": "squadServices.navitem", "pk": 71, "fields": {"label": "Entity", "parent": 60, "url": "setting/entity", "order": 1, "is_active": true, "icon": "Box", "isDeleted": false, "createdBy": null, "createdAt": "2025-11-19T11:16:07.268Z", "updatedBy": 1, "updatedAt": "2025-11-21T04:39:36.258Z"}}, {"model": "squadServices.navitem", "pk": 72, "fields": {"label": "TimeZone", "parent": 60, "url": "setting/timeZone", "order": 1, "is_active": true, "icon": "Clock", "isDeleted": false, "createdBy": null, "createdAt": "2025-11-19T11:16:07.268Z", "updatedBy": null, "updatedAt": "2025-11-19T11:16:07.346Z"}}, {"model": "squadServices.navitem", "pk": 73, "fields": {"label": "Company Category", "parent": 60, "url": "setting/companyCategory", "order": 1, "is_active": true, "icon": "Building2", "isDeleted": false, "createdBy": null, "createdAt": "2025-11-19T11:16:07.268Z", "updatedBy": null, "updatedAt": "2025-11-19T11:16:07.346Z"}}, {"model": "squadServices.navitem", "pk": 74, "fields": {"label": "Company Status", "parent": 60, "url": "setting/companyStatus", "order": 1, "is_active": true, "icon": "SquareActivity", "isDeleted": false, "createdBy": null, "createdAt": "2025-11-19T11:16:07.268Z", "updatedBy": null, "updatedAt": "2025-11-19T11:16:07.346Z"}}, {"model": "squadServices.navitem", "pk": 78, "fields": {"label": "testy", "parent": 60, "url": "setting/test", "order": 1, "is_active": true, "icon": "Baby", "isDeleted": true, "createdBy": null, "createdAt": "2025-11-19T11:16:07.268Z", "updatedBy": 1, "updatedAt": "2025-11-24T08:24:54.219Z"}}, {"model": "squadServices.navitem", "pk": 79, "fields": {"label": "Company", "parent": null, "url": "company", "order": 1, "is_active": true, "icon": "Building", "isDeleted": false, "createdBy": 1, "createdAt": "2025-11-21T04:36:35.557Z", "updatedBy": 1, "updatedAt": "2025-11-21T04:36:35.579Z"}}, {"model": "squadServices.navitem", "pk": 80, "fields": {"label": "Connectivity", "parent": null, "url": "connectivity", "order": 1, "is_active": true, "icon": "Network", "isDeleted": false, "createdBy": 1, "createdAt": "2025-11-24T08:03:09.444Z", "updatedBy": 1, "updatedAt": "2025-11-24T08:03:09.453Z"}}, {"model": "squadServices.navitem", "pk": 81, "fields": {"label": "Vendor", "parent": 80, "url": "connectivity/vendor", "order": 1, "is_active": true, "icon": "Warehouse", "isDeleted": false, "createdBy": 1, "createdAt": "2025-11-24T09:44:45.022Z", "updatedBy": 1, "updatedAt": "2025-11-24T09:44:45.056Z"}}, {"model": "squadServices.navitem", "pk": 82, "fields": {"label": "Smpp", "parent": 80, "url": "connectivity/smpp", "order": 1, "is_active": true, "icon": "MessageSquareText", "isDeleted": false, "createdBy": 1, "createdAt": "2025-11-25T03:22:38.060Z", "updatedBy": 1, "updatedAt": "2025-11-25T03:23:09.131Z"}}, {"model": "squadServices.navuserrelation", "pk": 1, "fields": {"userType": "ADMIN", "navigateId": 1, "read": true, "write": false, "delete": false, "put": false}}, {"model": "squadServices.navuserrelation", "pk": 2, "fields": {"userType": "ADMIN", "navigateId": 2, "read": false, "write": false, "delete": false, "put": false}}, {"model": "squadServices.navuserrelation", "pk": 4, "fields": {"userType": "ADMIN", "navigateId": 4, "read": true, "write": true, "delete": true, "put": true}}, {"model": "squadServices.navuserrelation", "pk": 8, "fields": {"userType": "SALES", "navigateId": 1, "read": true, "write": false, "delete": false, "put": false}}, {"model": "squadServices.navuserrelation", "pk": 9, "fields": {"userType": "SALES", "navigateId": 2, "read": true, "write": false, "delete": false, "put": false}}, {"model": "squadServices.navuserrelation", "pk": 11, "fields": {"userType": "SALES", "navigateId": 4, "read": false, "write": false, "delete": false, "put": false}}, {"model": "squadServices.navuserrelation", "pk": 15, "fields": {"userType": "SUPPORT", "navigateId": 1, "read": true, "write": false, "delete": false, "put": false}}, {"model": "squadServices.navuserrelation", "pk": 16, "fields": {"userType": "SUPPORT", "navigateId": 2, "read": true, "write": false, "delete": false, "put": false}}, {"model": "squadServices.navuserrelation", "pk": 18, "fields": {"userType": "SUPPORT", "navigateId": 4, "read": true, "write": false, "delete": false, "put": false}}, {"model": "squadServices.navuserrelation", "pk": 22, "fields": {"userType": "NOC", "navigateId": 1, "read": true, "write": false, "delete": false, "put": false}}, {"model": "squadServices.navuserrelation", "pk": 23, "fields": {"userType": "NOC", "navigateId": 2, "read": false, "write": false, "delete": false, "put": false}}, {"model": "squadServices.navuserrelation", "pk": 25, "fields": {"userType": "NOC", "navigateId": 4, "read": false, "write": false, "delete": false, "put": false}}, {"model": "squadServices.navuserrelation", "pk": 29, "fields": {"userType": "RATE", "navigateId": 1, "read": false, "write": false, "delete": false, "put": false}}, {"model": "squadServices.navuserrelation", "pk": 30, "fields": {"userType": "RATE", "navigateId": 2, "read": false, "write": false, "delete": false, "put": false}}, {"model": "squadServices.navuserrelation", "pk": 32, "fields": {"userType": "RATE", "navigateId": 4, "read": false, "write": false, "delete": false, "put": false}}, {"model": "squadServices.navuserrelation", "pk": 36, "fields": {"userType": "FINANCE", "navigateId": 1, "read": false, "write": false, "delete": false, "put": false}}, {"model": "squadServices.navuserrelation", "pk": 37, "fields": {"userType": "FINANCE", "navigateId": 2, "read": false, "write": false, "delete": false, "put": false}}, {"model": "squadServices.navuserrelation", "pk": 39, "fields": {"userType": "FINANCE", "navigateId": 4, "read": false, "write": false, "delete": false, "put": false}}, {"model": "squadServices.navuserrelation", "pk": 43, "fields": {"userType": "ADMIN", "navigateId": 14, "read": true, "write": true, "delete": false, "put": false}}, {"model": "squadServices.navuserrelation", "pk": 44, "fields": {"userType": "SALES", "navigateId": 14, "read": false, "write": false, "delete": false, "put": false}}, {"model": "squadServices.navuserrelation", "pk": 45, "fields": {"userType": "SUPPORT", "navigateId": 14, "read": false, "write": false, "delete": false, "put": false}}, {"model": "squadServices.navuserrelation", "pk": 46, "fields": {"userType": "NOC", "navigateId": 14, "read": true, "write": false, "delete": false, "put": false}}, {"model": "squadServices.navuserrelation", "pk": 47, "fields": {"userType": "RATE", "navigateId": 14, "read": false, "write": false, "delete": false, "put": false}}, {"model": "squadServices.navuserrelation", "pk": 48, "fields": {"userType": "FINANCE", "navigateId": 14, "read": false, "write": false, "delete": false, "put": false}}, {"model": "squadServices.navuserrelation", "pk": 73, "fields": {"userType": "ADMIN", "navigateId": 20, "read": true, "write": true, "delete": true, "put": true}}, {"model": "squadServices.navuserrelation", "pk": 74, "fields": {"userType": "SALES", "navigateId": 20, "read": false, "write": false, "delete": false, "put": false}}, {"model": "squadServices.navuserrelation", "pk": 75, "fields": {"userType": "SUPPORT", "navigateId": 20, "read": false, "write": false, "delete": false, "put": false}}, {"model": "squadServices.navuserrelation", "pk": 76, "fields": {"userType": "NOC", "navigateId": 20, "read": false, "write": false, "delete": false, "put": false}}, {"model": "squadServices.navuserrelation", "pk": 77, "fields": {"userType": "RATE", "navigateId": 20, "read": false, "write": false, "delete": false, "put": false}}, {"model": "squadServices.navuserrelation", "pk": 78, "fields": {"userType": "FINANCE", "navigateId": 20, "read": false, "write": false, "delete": false, "put": false}}, {"model": "squadServices.navuserrelation", "pk": 79, "fields": {"userType": "ADMIN", "navigateId": 21, "read": true, "write": true, "delete": true, "put": true}}, {"model": "squadServices.navuserrelation", "pk": 80, "fields": {"userType": "SALES", "navigateId": 21, "read": false, "write": false, "delete": false, "put": false}}, {"model": "squadServices.navuserrelation", "pk": 81, "fields": {"userType": "SUPPORT", "navigateId": 21, "read": false, "write": false, "delete": false, "put": false}}, {"model": "squadServices.navuserrelation", "pk": 82, "fields": {"userType": "NOC", "navigateId": 21, "read": false, "write": false, "delete": false, "put": false}}, {"model": "squadServices.navuserrelation", "pk": 83, "fields": {"userType": "RATE", "navigateId": 21, "read": false, "write": false, "delete": false, "put": false}}, {"model": "squadServices.navuserrelation", "pk": 84, "fields": {"userType": "FINANCE", "navigateId": 21, "read": false, "write": false, "delete": false, "put": false}}, {"model": "squadServices.navuserrelation", "pk": 169, "fields": {"userType": "ADMIN", "navigateId": 46, "read": true, "write": true, "delete": true, "put": true}}, {"model": "squadServices.navuserrelation", "pk": 170, "fields": {"userType": "SALES", "navigateId": 46, "read": true, "write": false, "delete": false, "put": false}}, {"model": "squadServices.navuserrelation", "pk": 171, "fields": {"userType": "SUPPORT", "navigateId": 46, "read": true, "write": false, "delete": false, "put": false}}, {"model": "squadServices.navuserrelation", "pk": 172, "fields": {"userType": "NOC", "navigateId": 46, "read": true, "write": false, "delete": false, "put": false}}, {"model": "squadServices.navuserrelation", "pk": 173, "fields": {"userType": "RATE", "navigateId": 46, "read": true, "write": false, "delete": false, "put": false}}, {"model": "squadServices.navuserrelation", "pk": 174, "fields": {"userType": "FINANCE", "navigateId": 46, "read": true, "write": false, "delete": false, "put": false}}, {"model": "squadServices.navuserrelation", "pk": 217, "fields": {"userType": "ADMIN", "navigateId": 60, "read": true, "write": true, "delete": true, "put": true}}, {"model": "squadServices.navuserrelation", "pk": 218, "fields": {"userType": "SALES", "navigateId": 60, "read": true, "write": true, "delete": true, "put": true}}, {"model": "squadServices.navuserrelation", "pk": 219, "fields": {"userType": "SUPPORT", "navigateId": 60, "read": true, "write": true, "delete": true, "put": true}}, {"model": "squadServices.navuserrelation", "pk": 220, "fields": {"userType": "NOC", "navigateId": 60, "read": true, "write": true, "delete": true, "put": true}}, {"model": "squadServices.navuserrelation", "pk": 221, "fields": {"userType": "RATE", "navigateId": 60, "read": true, "write": true, "delete": true, "put": true}}, {"model": "squadServices.navuserrelation", "pk": 222, "fields": {"userType": "FINANCE", "navigateId": 60, "read": true, "write": true, "delete": true, "put": true}}, {"model": "squadServices.navuserrelation", "pk": 223, "fields": {"userType": "ADMIN", "navigateId": 61, "read": true, "write": true, "delete": true, "put": true}}, {"model": "squadServices.navuserrelation", "pk": 224, "fields": {"userType": "SALES", "navigateId": 61, "read": true, "write": true, "delete": true, "put": true}}, {"model": "squadServices.navuserrelation", "pk": 225, "fields": {"userType": "SUPPORT", "navigateId": 61, "read": true, "write": true, "delete": true, "put": true}}, {"model": "squadServices.navuserrelation", "pk": 226, "fields": {"userType": "NOC", "navigateId": 61, "read": true, "write": true, "delete": true, "put": true}}, {"model": "squadServices.navuserrelation", "pk": 227, "fields": {"userType": "RATE", "navigateId": 61, "read": true, "write": true, "delete": true, "put": true}}, {"model": "squadServices.navuserrelation", "pk": 228, "fields": {"userType": "FINANCE", "navigateId": 61, "read": true, "write": true, "delete": true, "put": true}}, {"model": "squadServices.navuserrelation", "pk": 247, "fields": {"userType": "ADMIN", "navigateId": 65, "read": true, "write": true, "delete": true, "put": true}}, {"model": "squadServices.navuserrelation", "pk": 248, "fields": {"userType": "SALES", "navigateId": 65, "read": true, "write": true, "delete": true, "put": true}}, {"model": "squadServices.navuserrelation", "pk": 249, "fields": {"userType": "SUPPORT", "navigateId": 65, "read": true, "write": true, "delete": true, "put": true}}, {"model": "squadServices.navuserrelation", "pk": 250, "fields": {"userType": "NOC", "navigateId": 65, "read": true, "write": true, "delete": true, "put": true}}, {"model": "squadServices.navuserrelation", "pk": 251, "fields": {"userType": "RATE", "navigateId": 65, "read": true, "write": true, "delete": true, "put": true}}, {"model": "squadServices.navuserrelation", "pk": 252, "fields": {"userType": "FINANCE", "navigateId": 65, "read": true, "write": true, "delete": true, "put": true}}, {"model": "squadServices.navuserrelation", "pk": 259, "fields": {"userType": "ADMIN", "navigateId": 67, "read": true, "write": true, "delete": true, "put": true}}, {"model": "squadServices.navuserrelation", "pk": 260, "fields": {"userType": "SALES", "navigateId": 67, "read": true, "write": false, "delete": false, "put": false}}, {"model": "squadServices.navuserrelation", "pk": 261, "fields": {"userType": "SUPPORT", "navigateId": 67, "read": true, "write": false, "delete": false, "put": false}}, {"model": "squadServices.navuserrelation", "pk": 262, "fields": {"userType": "NOC", "navigateId": 67, "read": true, "write": false, "delete": false, "put": false}}, {"model": "squadServices.navuserrelation", "pk": 263, "fields": {"userType": "RATE", "navigateId": 67, "read": true, "write": false, "delete": false, "put": false}}, {"model": "squadServices.navuserrelation", "pk": 264, "fields": {"userType": "FINANCE", "navigateId": 67, "read": true, "write": true, "delete": true, "put": true}}, {"model": "squadServices.navuserrelation", "pk": 265, "fields": {"userType": "ADMIN", "navigateId": 69, "read": true, "write": true, "delete": true, "put": true}}, {"model": "squadServices.navuserrelation", "pk": 266, "fields": {"userType": "SALES", "navigateId": 69, "read": true, "write": false, "delete": false, "put": false}}, {"model": "squadServices.navuserrelation", "pk": 267, "fields": {"userType": "SUPPORT", "navigateId": 69, "read": true, "write": false, "delete": false, "put": false}}, {"model": "squadServices.navuserrelation", "pk": 268, "fields": {"userType": "NOC", "navigateId": 69, "read": true, "write": false, "delete": false, "put": false}}, {"model": "squadServices.navuserrelation", "pk": 269, "fields": {"userType": "RATE", "navigateId": 69, "read": true, "write": false, "delete": false, "put": false}}, {"model": "squadServices.navuserrelation", "pk": 270, "fields": {"userType": "FINANCE", "navigateId": 69, "read": true, "write": false, "delete": false, "put": false}}, {"model": "squadServices.navuserrelation", "pk": 271, "fields": {"userType": "ADMIN", "navigateId": 70, "read": true, "write": true, "delete": true, "put": true}}, {"model": "squadServices.navuserrelation", "pk": 272, "fields": {"userType": "SALES", "navigateId": 70, "read": true, "write": false, "delete": false, "put": false}}, {"model": "squadServices.navuserrelation", "pk": 273, "fields": {"userType": "SUPPORT", "navigateId": 70, "read": true, "write": false, "delete": false, "put": false}}, {"model": "squadServices.navuserrelation", "pk": 274, "fields": {"userType": "NOC", "navigateId": 70, "read": true, "write": false, "delete": false, "put": false}}, {"model": "squadServices.navuserrelation", "pk": 275, "fields": {"userType": "RATE", "navigateId": 70, "read": true, "write": false, "delete": false, "put": false}}, {"model": "squadServices.navuserrelation", "pk": 276, "fields": {"userType": "FINANCE", "navigateId": 70, "read": true, "write": false, "delete": false, "put": false}}, {"model": "squadServices.navuserrelation", "pk": 277, "fields": {"userType": "ADMIN", "navigateId": 71, "read": true, "write": true, "delete": true, "put": true}}, {"model": "squadServices.navuserrelation", "pk": 278, "fields": {"userType": "SALES", "navigateId": 71, "read": true, "write": false, "delete": false, "put": false}}, {"model": "squadServices.navuserrelation", "pk": 279, "fields": {"userType": "SUPPORT", "navigateId": 71, "read": true, "write": false, "delete": false, "put": false}}, {"model": "squadServices.navuserrelation", "pk": 280, "fields": {"userType": "NOC", "navigateId": 71, "read": true, "write": false, "delete": false, "put": false}}, {"model": "squadServices.navuserrelation", "pk": 281, "fields": {"userType": "RATE", "navigateId": 71, "read": true, "write": false, "delete": false, "put": false}}, {"model": "squadServices.navuserrelation", "pk": 282, "fields": {"userType": "FINANCE", "navigateId": 71, "read": true, "write": false, "delete": false, "put": false}}, {"model": "squadServices.navuserrelation", "pk": 283, "fields": {"userType": "ADMIN", "navigateId": 72, "read": true, "write": true, "delete": true, "put": true}}, {"model": "squadServices.navuserrelation", "pk": 284, "fields": {"userType": "SALES", "navigateId": 72, "read": true, "write": false, "delete": false, "put": false}}, {"model": "squadServices.navuserrelation", "pk": 285, "fields": {"userType": "SUPPORT", "navigateId": 72, "read": true, "write": false, "delete": false, "put": false}}, {"model": "squadServices.navuserrelation", "pk": 286, "fields": {"userType": "NOC", "navigateId": 72, "read": true, "write": false, "delete": false, "put": false}}, {"model": "squadServices.navuserrelation", "pk": 287, "fields": {"userType": "RATE", "navigateId": 72, "read": true, "write": false, "delete": false, "put": false}}, {"model": "squadServices.navuserrelation", "pk": 288, "fields": {"userType": "FINANCE", "navigateId": 72, "read": true, "write": false, "delete": false, "put": false}}, {"model": "squadServices.navuserrelation", "pk": 289, "fields": {"userType": "ADMIN", "navigateId": 73, "read": true, "write": true, "delete": true, "put": true}}, {"model": "squadServices.navuserrelation", "pk": 290, "fields": {"userType": "SALES", "navigateId": 73, "read": true, "write": false, "delete": false, "put": false}}, {"model": "squadServices.navuserrelation", "pk": 291, "fields": {"userType": "SUPPORT", "navigateId": 73, "read": true, "write": false, "delete": false, "put": false}}, {"model": "squadServices.navuserrelation", "pk": 292, "fields": {"userType": "NOC", "navigateId": 73, "read": true, "write": false, "delete": false, "put": false}}, {"model": "squadServices.navuserrelation", "pk": 293, "fields": {"userType": "RATE", "navigateId": 73, "read": true, "write": false, "delete": false, "put": false}}, {"model": "squadServices.navuserrelation", "pk": 294, "fields": {"userType": "FINANCE", "navigateId": 73, "read": true, "write": false, "delete": false, "put": false}}, {"model": "squadServices.navuserrelation", "pk": 295, "fields": {"userType": "ADMIN", "navigateId": 74, "read": true, "write": true, "delete": true, "put": true}}, {"model": "squadServices.navuserrelation", "pk": 296, "fields": {"userType": "SALES", "navigateId": 74, "read": true, "write": false, "delete": false, "put": false}}, {"model": "squadServices.navuserrelation", "pk": 297, "fields": {"userType": "SUPPORT", "navigateId": 74, "read": true, "write": false, "delete": false, "put": false}}, {"model": "squadServices.navuserrelation", "pk": 298, "fields": {"userType": "NOC", "navigateId": 74, "read": true, "write": false, "delete": false, "put": false}}, {"model": "squadServices.navuserrelation", "pk": 299, "fields": {"userType": "RATE", "navigateId": 74, "read": true, "write": false, "delete": false, "put": false}}, {"model": "squadServices.navuserrelation", "pk": 300, "fields": {"userType": "FINANCE", "navigateId": 74, "read": true, "write": false, "delete": false, "put": false}}, {"model": "squadServices.navuserrelation", "pk": 319, "fields": {"userType": "ADMIN", "navigateId": 78, "read": true, "write": true, "delete": true, "put": true}}, {"model": "squadServices.navuserrelation", "pk": 320, "fields": {"userType": "SALES", "navigateId": 78, "read": true, "write": false, "delete": false, "put": false}}, {"model": "squadServices.navuserrelation", "pk": 321, "fields": {"userType": "SUPPORT", "navigateId": 78, "read": true, "write": false, "delete": false, "put": false}}, {"model": "squadServices.navuserrelation", "pk": 322, "fields": {"userType": "NOC", "navigateId": 78, "read": true, "write": false, "delete": false, "put": false}}, {"model": "squadServices.navuserrelation", "pk": 323, "fields": {"userType": "RATE", "navigateId": 78, "read": true, "write": false, "delete": false, "put": false}}, {"model": "squadServices.navuserrelation", "pk": 324, "fields": {"userType": "FINANCE", "navigateId": 78, "read": true, "write": false, "delete": false, "put": false}}, {"model": "squadServices.navuserrelation", "pk": 325, "fields": {"userType": "ADMIN", "navigateId": 79, "read": true, "write": true, "delete": true, "put": true}}, {"model": "squadServices.navuserrelation", "pk": 326, "fields": {"userType": "SALES", "navigateId": 79, "read": true, "write": false, "delete": false, "put": false}}, {"model": "squadServices.navuserrelation", "pk": 327, "fields": {"userType": "SUPPORT", "navigateId": 79, "read": true, "write": false, "delete": false, "put": false}}, {"model": "squadServices.navuserrelation", "pk": 328, "fields": {"userType": "NOC", "navigateId": 79, "read": true, "write": false, "delete": false, "put": false}}, {"model": "squadServices.navuserrelation", "pk": 329, "fields": {"userType": "RATE", "navigateId": 79, "read": true, "write": false, "delete": false, "put": false}}, {"model": "squadServices.navuserrelation", "pk": 330, "fields": {"userType": "FINANCE", "navigateId": 79, "read": true, "write": false, "delete": false, "put": false}}, {"model": "squadServices.navuserrelation", "pk": 331, "fields": {"userType": "ADMIN", "navigateId": 80, "read": true, "write": true, "delete": true, "put": true}}, {"model": "squadServices.navuserrelation", "pk": 332, "fields": {"userType": "SALES", "navigateId": 80, "read": true, "write": false, "delete": false, "put": false}}, {"model": "squadServices.navuserrelation", "pk": 333, "fields": {"userType": "SUPPORT", "navigateId": 80, "read": true, "write": false, "delete": false, "put": false}}, {"model": "squadServices.navuserrelation", "pk": 334, "fields": {"userType": "NOC", "navigateId": 80, "read": true, "write": false, "delete": false, "put": false}}, {"model": "squadServices.navuserrelation", "pk": 335, "fields": {"userType": "RATE", "navigateId": 80, "read": true, "write": false, "delete": false, "put": false}}, {"model": "squadServices.navuserrelation", "pk": 336, "fields": {"userType": "FINANCE", "navigateId": 80, "read": true, "write": false, "delete": false, "put": false}}, {"model": "squadServices.navuserrelation", "pk": 337, "fields": {"userType": "ADMIN", "navigateId": 81, "read": true, "write": true, "delete": true, "put": true}}, {"model": "squadServices.navuserrelation", "pk": 338, "fields": {"userType": "SALES", "navigateId": 81, "read": true, "write": false, "delete": false, "put": false}}, {"model": "squadServices.navuserrelation", "pk": 339, "fields": {"userType": "SUPPORT", "navigateId": 81, "read": true, "write": false, "delete": false, "put": false}}, {"model": "squadServices.navuserrelation", "pk": 340, "fields": {"userType": "NOC", "navigateId": 81, "read": true, "write": false, "delete": false, "put": false}}, {"model": "squadServices.navuserrelation", "pk": 341, "fields": {"userType": "RATE", "navigateId": 81, "read": true, "write": false, "delete": false, "put": false}}, {"model": "squadServices.navuserrelation", "pk": 342, "fields": {"userType": "FINANCE", "navigateId": 81, "read": true, "write": false, "delete": false, "put": false}}, {"model": "squadServices.navuserrelation", "pk": 343, "fields": {"userType": "ADMIN", "navigateId": 82, "read": true, "write": true, "delete": true, "put": true}}, {"model": "squadServices.navuserrelation", "pk": 344, "fields": {"userType": "SALES", "navigateId": 82, "read": true, "write": false, "delete": false, "put": false}}, {"model": "squadServices.navuserrelation", "pk": 345, "fields": {"userType": "SUPPORT", "navigateId": 82, "read": true, "write": false, "delete": false, "put": false}}, {"model": "squadServices.navuserrelation", "pk": 346, "fields": {"userType": "NOC", "navigateId": 82, "read": true, "write": false, "delete": false, "put": false}}, {"model": "squadServices.navuserrelation", "pk": 347, "fields": {"userType": "RATE", "navigateId": 82, "read": true, "write": false, "delete": false, "put": false}}, {"model": "squadServices.navuserrelation", "pk": 348, "fields": {"userType": "FINANCE", "navigateId": 82, "read": true, "write": false, "delete": false, "put": false}}, {"model": "squadServices.template", "pk": 1, "fields": {"name": "test", "content": "<p>sdfasdfASD</p>", "isDeleted": false, "createdBy": null, "createdAt": "2025-11-19T11:16:07.386Z", "updatedBy": null, "updatedAt": "2025-11-19T11:16:07.520Z"}}, {"model": "squadServices.template", "pk": 3, "fields": {"name": "hero", "content": "", "isDeleted": false, "createdBy": null, "createdAt": "2025-11-19T11:16:07.386Z", "updatedBy": null, "updatedAt": "2025-11-19T11:16:07.520Z"}}, {"model": "squadServices.template", "pk": 4, "fields": {"name": "herooeu", "content": "helosdfkjshdfkjshdkjfhskjdfhsas", "isDeleted": false, "createdBy": null, "createdAt": "2025-11-19T11:16:07.386Z", "updatedBy": null, "updatedAt": "2025-11-19T11:16:07.520Z"}}, {"model": "squadServices.template", "pk": 5, "fields": {"name": "swallowns", "content": "<p>heel</p><p>i am developer</p>", "isDeleted": false, "createdBy": null, "createdAt": "2025-11-19T11:16:07.386Z", "updatedBy": null, "updatedAt": "2025-11-19T11:16:07.520Z"}}, {"model": "squadServices.template", "pk": 6, "fields": {"name": "dummytemplate", "content": "<p>hi hello man</p>", "isDeleted": false, "createdBy": null, "createdAt": "2025-11-19T11:16:07.386Z", "updatedBy": 1, "updatedAt": "2025-11-24T08:30:57.489Z"}}, {"model": "squadServices.template", "pk": 7, "fields": {"name": "aaaaaaaaa", "content": "<p>aaaaaaaaaa</p>", "isDeleted": false, "createdBy": null, "createdAt": "2025-11-19T11:16:07.386Z", "updatedBy": null, "updatedAt": "2025-11-19T11:16:07.520Z"}}, {"model": "squadServices.template", "pk": 13, "fields": {"name": "SD", "content": "<p>SDDS</p>", "isDeleted": false, "createdBy": null, "createdAt": "2025-11-19T11:16:07.386Z", "updatedBy": null, "updatedAt": "2025-11-19T11:16:07.520Z"}}, {"model": "squadServices.template", "pk": 14, "fields": {"name": "SDF", "content": "<p>ASDA</p><p><br></p>", "isDeleted": false, "createdBy": null, "createdAt": "2025-11-19T11:16:07.386Z", "updatedBy": null, "updatedAt": "2025-11-19T11:16:07.520Z"}}, {"model": "squadServices.template", "pk": 15, "fields": {"name": "DSFSDFDSF", "content": "<p>ASDASDASD</p>", "isDeleted": false, "createdBy": null, "createdAt": "2025-11-19T11:16:07.386Z", "updatedBy": null, "updatedAt": "2025-11-19T11:16:07.520Z"}}, {"model": "squadServices.template", "pk": 16, "fields": {"name": "ASDAS", "content": "<p>A</p>", "isDeleted": false, "createdBy": null, "createdAt": "2025-11-19T11:16:07.386Z", "updatedBy": null, "updatedAt": "2025-11-19T11:16:07.520Z"}}, {"model": "squadServices.template", "pk": 17, "fields": {"name": "DASDASD", "content": "<p>SDDASD</p>", "isDeleted": false, "createdBy": null, "createdAt": "2025-11-19T11:16:07.386Z", "updatedBy": null, "updatedAt": "2025-11-19T11:16:07.520Z"}}, {"model": "squadServices.template", "pk": 18, "fields": {"name": "man", "content": "<p>man</p>", "isDeleted": false, "createdBy": 1, "createdAt": "2025-11-24T08:30:46.722Z", "updatedBy": 1, "updatedAt": "2025-11-24T08:30:46.722Z"}}, {"model": "squadServices.campaign", "pk": 43, "fields": {"name": "NPL Package", "objective": "Promotion", "content": "<p>hi heelo, this is npl</p>", "template": 6, "schedule": "2025-11-20T01:00:19Z", "isDeleted": false, "createdBy": 1, "createdAt": "2025-11-20T06:45:19.039Z", "updatedBy": 1, "updatedAt": "2025-11-20T06:45:19.039Z"}}, {"model": "squadServices.campaign", "pk": 44, "fields": {"name": "qwqwer", "objective": "Announcement", "content": "<p>sdfasdfASD</p><p>dummy</p>", "template": 1, "schedule": "2025-11-19T14:00:00Z", "isDeleted": false, "createdBy": 1, "createdAt": "2025-11-20T06:47:10.777Z", "updatedBy": 1, "updatedAt": "2025-11-25T04:22:30.480Z"}}, {"model": "squadServices.campaign", "pk": 45, "fields": {"name": "Winter Package", "objective": "Re-engagement", "content": "<p>hi heelo</p>", "template": 6, "schedule": "2025-11-24T02:42:59Z", "isDeleted": false, "createdBy": 1, "createdAt": "2025-11-24T08:27:59.715Z", "updatedBy": 1, "updatedAt": "2025-11-24T08:27:59.715Z"}}, {"model": "squadServices.campaigncontact", "pk": 193, "fields": {"campaign": 43, "contactNumber": "9840209417"}}, {"model": "squadServices.campaigncontact", "pk": 194, "fields": {"campaign": 43, "contactNumber": "9841983278"}}, {"model": "squadServices.campaigncontact", "pk": 195, "fields": {"campaign": 44, "contactNumber": "9814983278"}}, {"model": "squadServices.emailhost", "pk": 1, "fields": {"owner": 1, "name": "yukesh.maha10@gmail.com", "smtpHost": "smtp.gmail.com", "smtpPort": 465, "smtpUser": "yukesh.maha10@gmail.com", "smtpPassword": "tyuu bria ilpv ryvb", "security": "SSL", "isDeleted": false, "createdBy": null, "createdAt": "2025-11-19T11:16:07.060Z", "updatedBy": null, "updatedAt": "2025-11-19T11:16:07.131Z"}}, {"model": "squadServices.emailhost", "pk": 4, "fields": {"owner": 1, "name": "ujjwal.mrzn@gmail.com", "smtpHost": "smtp.gmail.com", "smtpPort": 465, "smtpUser": "ujjwalmaharjan8080@gmail.com", "smtpPassword": "dlop yklh mgtg pymt", "security": "SSL", "isDeleted": true, "createdBy": 1, "createdAt": "2025-11-19T11:16:07.060Z", "updatedBy": 1, "updatedAt": "2025-11-25T03:54:11.349Z"}}, {"model": "squadServices.emailhost", "pk": 8, "fields": {"owner": 1, "name": "yugenmaharjan@gmail.com", "smtpHost": "smtp.gmail.com", "smtpPort": 587, "smtpUser": "yugenmahsarjan@gmail.com", "smtpPassword": "rsiu srsw tnhz trel", "security": "SSL", "isDeleted": false, "createdBy": null, "createdAt": "2025-11-19T11:16:07.060Z", "updatedBy": null, "updatedAt": "2025-11-19T11:16:07.131Z"}}, {"model": "squadServices.emailhost", "pk": 9, "fields": {"owner": 1, "name": "yugenmaharjan@gmail.com", "smtpHost": "smtp.gmail.com", "smtpPort": 587, "smtpUser": "yugenmahsarjans@gmail.com", "smtpPassword": "rsiu srsw tnhz trel", "security": "SSL", "isDeleted": true, "createdBy": null, "createdAt": "2025-11-19T11:16:07.060Z", "updatedBy": 1, "updatedAt": "2025-11-25T03:54:21.099Z"}}, {"model": "squadServices.emailhost", "pk": 10, "fields": {"owner": 1, "name": "vagozu@mailinator.com", "smtpHost": "Quae sint est sit e", "smtpPort": 4654, "smtpUser": "Labore aut rem non r", "smtpPassword": "Pa$$w0rd!", "security": "TLS", "isDeleted": true, "createdBy": null, "createdAt": "2025-11-19T11:16:07.060Z", "updatedBy": 1, "updatedAt": "2025-11-25T03:54:23.996Z"}}, {"model": "squadServices.emailhost", "pk": 11, "fields": {"owner": 1, "name": "pubyguwox@mailinator.com", "smtpHost": "Sequi facilis sit ea", "smtpPort": 61, "smtpUser": "Irure ad laboris occ", "smtpPassword": "Pa$$w0rd!", "security": "TLS", "isDeleted": true, "createdBy": null, "createdAt": "2025-11-19T11:16:07.060Z", "updatedBy": 1, "updatedAt": "2025-11-24T08:32:25.495Z"}}, {"model": "squadServices.emailhost", "pk": 12, "fields": {"owner": 1, "name": "yugenmaharjan@gmail.com", "smtpHost": "smtp.gmail.com", "smtpPort": 587, "smtpUser": "yugenmahsarjasdfns@gmail.com", "smtpPassword": "rsiu srsw tnhz trel", "security": "SSL", "isDeleted": true, "createdBy": null, "createdAt": "2025-11-19T11:16:07.060Z", "updatedBy": 1, "updatedAt": "2025-11-25T03:54:26.432Z"}}, {"model": "squadServices.emailhost", "pk": 13, "fields": {"owner": 1, "name": "ujjwal@gmail.com", "smtpHost": "smtp.gmail.com", "smtpPort": 587, "smtpUser": "tester", "smtpPassword": "test570)", "security": "TLS", "isDeleted": true, "createdBy": null, "createdAt": "2025-11-19T11:16:07.060Z", "updatedBy": 1, "updatedAt": "2025-11-25T03:54:28.565Z"}}, {"model": "squadServices.emailhost", "pk": 14, "fields": {"owner": 1, "name": "wefeb@mailinator.com", "smtpHost": "Consequuntur molesti", "smtpPort": 58, "smtpUser": "Irure obcaecati quis", "smtpPassword": "Pa$$w0rd!", "security": "TLS", "isDeleted": true, "createdBy": null, "createdAt": "2025-11-19T11:16:07.060Z", "updatedBy": 1, "updatedAt": "2025-11-25T03:54:30.615Z"}}, {"model": "squadServices.emailhost", "pk": 15, "fields": {"owner": 1, "name": "qelo@mailinator.com", "smtpHost": "Dicta in iste", "smtpPort": 2, "smtpUser": "Id eum maiores quis", "smtpPassword": "Pa$$w0rd!", "security": "SSL", "isDeleted": true, "createdBy": null, "createdAt": "2025-11-19T11:16:07.060Z", "updatedBy": 1, "updatedAt": "2025-11-25T03:54:32.313Z"}}, {"model": "squadServices.emailhost", "pk": 16, "fields": {"owner": 1, "name": "woxigi@mailinator.com", "smtpHost": "Harum eos eveniet", "smtpPort": 89, "smtpUser": "Voluptate et eiusmod", "smtpPassword": "Pa$$w0rd!", "security": "TLS", "isDeleted": true, "createdBy": null, "createdAt": "2025-11-19T11:16:07.060Z", "updatedBy": 1, "updatedAt": "2025-11-25T03:54:33.901Z"}}, {"model": "squadServices.emailhost", "pk": 17, "fields": {"owner": 1, "name": "bacac@mailinator.com", "smtpHost": "Nemo quas repellendu", "smtpPort": 80, "smtpUser": "Reiciendis architect", "smtpPassword": "Pa$$w0rd!", "security": "TLS", "isDeleted": true, "createdBy": null, "createdAt": "2025-11-19T11:16:07.060Z", "updatedBy": 1, "updatedAt": "2025-11-25T03:54:35.689Z"}}, {"model": "squadServices.emailhost", "pk": 18, "fields": {"owner": 1, "name": "fifu@mailinator.com", "smtpHost": "Sed nihil id est qui", "smtpPort": 95, "smtpUser": "Culpa modi qui anim", "smtpPassword": "Pa$$w0rd!", "security": "TLS", "isDeleted": true, "createdBy": 1, "createdAt": "2025-11-24T08:32:35.735Z", "updatedBy": 1, "updatedAt": "2025-11-25T03:54:37.792Z"}}, {"model": "squadServices.emailhost", "pk": 19, "fields": {"owner": 1, "name": "Ujjwal 8080", "smtpHost": "smtp.gmail.com", "smtpPort": 465, "smtpUser": "ujjwalmaharjan8080@gmail.com", "smtpPassword": "dlop yklh mgtg pymt", "security": "SSL", "isDeleted": false, "createdBy": 1, "createdAt": "2025-11-25T03:58:56.705Z", "updatedBy": 1, "updatedAt": "2025-11-25T04:07:00.259Z"}}, {"model": "squadServices.emailhost", "pk": 20, "fields": {"owner": 1, "name": "Ujjwal", "smtpHost": "smtp.gmail.com", "smtpPort": 587, "smtpUser": "ujjwalmaharjan8080@gmail.com", "smtpPassword": "dlop yklh mgtg pymt", "security": "SSL", "isDeleted": false, "createdBy": 1, "createdAt": "2025-11-25T03:59:46.554Z", "updatedBy": 1, "updatedAt": "2025-11-25T04:03:58.982Z"}}, {"model": "squadServices.emailtemplate", "pk": 1, "fields": {"name": "Test", "content": "<p>asdasd<strong>asdasdas</strong></p>", "isDeleted": false, "createdBy": null, "createdAt": "2025-11-19T11:16:07.164Z", "updatedBy": 1, "updatedAt": "2025-11-20T05:22:02.032Z"}}, {"model": "squadServices.emailtemplate", "pk": 3, "fields": {"name": "sadas", "content": "<p>ramai</p>", "isDeleted": false, "createdBy": null, "createdAt": "2025-11-19T11:16:07.164Z", "updatedBy": 1, "updatedAt": "2025-11-24T08:31:18.281Z"}}, {"model": "squadServices.emailtemplate", "pk": 4, "fields": {"name": "asdasdd", "content": "<p><em>sasdasdasdasdas</em></p>", "isDeleted": true, "createdBy": 1, "createdAt": "2025-11-20T05:22:17.065Z", "updatedBy": 1, "updatedAt": "2025-11-24T08:31:41.307Z"}}, {"model": "squadServices.emailtemplate", "pk": 5, "fields": {"name": "Sako", "content": "<p>kasa<strong><span class=\"ql-cursor\">﻿</span></strong></p>", "isDeleted": false, "createdBy": 1, "createdAt": "2025-11-24T08:31:36.847Z", "updatedBy": 1, "updatedAt": "2025-11-24T08:31:36.847Z"}}, {"model": "squadServices.emailtemplate", "pk": 6, "fields": {"name": "Welcome Mail", "content": "<p>Hello Boss,</p><p>How are you. </p>", "isDeleted": false, "createdBy": 1, "createdAt": "2025-11-25T03:29:08.553Z", "updatedBy": 1, "updatedAt": "2025-11-25T03:29:08.554Z"}}, {"model": "squadServices.country", "pk": 1, "fields": {"name": "India", "countryCode": "6099", "MCC": 989, "isDeleted": true, "createdBy": null, "createdAt": "2025-11-18T04:49:26.808Z", "updatedBy": 1, "updatedAt": "2025-11-18T07:34:18.199Z"}}, {"model": "squadServices.country", "pk": 2, "fields": {"name": "Nepal", "countryCode": "4030", "MCC": 89, "isDeleted": true, "createdBy": null, "createdAt": "2025-11-18T04:50:09.212Z", "updatedBy": 1, "updatedAt": "2025-11-18T06:21:34.627Z"}}, {"model": "squadServices.country", "pk": 3, "fields": {"name": "USA", "countryCode": "401", "MCC": 1189, "isDeleted": false, "createdBy": 1, "createdAt": "2025-11-18T06:44:13.886Z", "updatedBy": 1, "updatedAt": "2025-11-18T06:45:28.881Z"}}, {"model": "squadServices.country", "pk": 4, "fields": {"name": "BHUTAN", "countryCode": "5215", "MCC": 477, "isDeleted": false, "createdBy": 1, "createdAt": "2025-11-18T06:46:18.356Z", "updatedBy": 1, "updatedAt": "2025-11-18T06:46:18.356Z"}}, {"model": "squadServices.country", "pk": 6, "fields": {"name": "Nepal", "countryCode": "465456", "MCC": 456465, "isDeleted": true, "createdBy": 1, "createdAt": "2025-11-18T06:58:47.989Z", "updatedBy": 1, "updatedAt": "2025-11-18T07:37:10.208Z"}}, {"model": "squadServices.country", "pk": 7, "fields": {"name": "INDIA", "countryCode": "IND", "MCC": 4004, "isDeleted": false, "createdBy": 1, "createdAt": "2025-11-18T07:17:24.445Z", "updatedBy": 1, "updatedAt": "2025-11-24T08:46:22.137Z"}}, {"model": "squadServices.country", "pk": 8, "fields": {"name": "JAPAN", "countryCode": "1234", "MCC": 123, "isDeleted": false, "createdBy": 1, "createdAt": "2025-11-18T07:28:29.935Z", "updatedBy": 1, "updatedAt": "2025-11-18T07:34:14.713Z"}}, {"model": "squadServices.country", "pk": 9, "fields": {"name": "NEPAL", "countryCode": "NP", "MCC": 977, "isDeleted": false, "createdBy": 1, "createdAt": "2025-11-18T07:37:25.767Z", "updatedBy": 1, "updatedAt": "2025-11-18T07:37:25.767Z"}}, {"model": "squadServices.country", "pk": 10, "fields": {"name": "CANADA", "countryCode": "CAN", "MCC": 555, "isDeleted": true, "createdBy": 1, "createdAt": "2025-11-19T11:19:02.127Z", "updatedBy": 1, "updatedAt": "2025-11-20T04:30:04.322Z"}}, {"model": "squadServices.country", "pk": 11, "fields": {"name": "KOREA", "countryCode": "KOR", "MCC": 747, "isDeleted": false, "createdBy": 1, "createdAt": "2025-11-20T06:57:37.905Z", "updatedBy": 1, "updatedAt": "2025-11-20T06:57:37.905Z"}}, {"model": "squadServices.country", "pk": 12, "fields": {"name": "RUSSIA", "countryCode": "RUS", "MCC": 7893, "isDeleted": false, "createdBy": 1, "createdAt": "2025-11-24T08:46:06.581Z", "updatedBy": 1, "updatedAt": "2025-11-24T08:46:06.581Z"}}, {"model": "squadServices.state", "pk": 1, "fields": {"country": 2, "name": "Kathmandu", "isDeleted": false, "createdBy": 1, "createdAt": "2025-11-18T06:20:53.596Z", "updatedBy": 1, "updatedAt": "2025-11-19T10:45:14.297Z"}}, {"model": "squadServices.state", "pk": 2, "fields": {"country": 1, "name": "Delhi", "isDeleted": true, "createdBy": 1, "createdAt": "2025-11-18T06:21:26.784Z", "updatedBy": 1, "updatedAt": "2025-11-18T07:22:33.081Z"}}, {"model": "squadServices.state", "pk": 3, "fields": {"country": 7, "name": "Delhi", "isDeleted": false, "createdBy": 1, "createdAt": "2025-11-18T07:22:45.858Z", "updatedBy": 1, "updatedAt": "2025-11-24T08:42:16.125Z"}}, {"model": "squadServices.state", "pk": 4, "fields": {"country": 9, "name": "Lalitpur", "isDeleted": false, "createdBy": 1, "createdAt": "2025-11-19T10:45:39.540Z", "updatedBy": 1, "updatedAt": "2025-11-20T07:16:36.919Z"}}, {"model": "squadServices.state", "pk": 5, "fields": {"country": 1, "name": "KTM", "isDeleted": true, "createdBy": 1, "createdAt": "2025-11-20T04:03:28.751Z", "updatedBy": 1, "updatedAt": "2025-11-20T07:16:28.411Z"}}, {"model": "squadServices.state", "pk": 6, "fields": {"country": 9, "name": "Chitwan", "isDeleted": false, "createdBy": 1, "createdAt": "2025-11-20T07:16:10.856Z", "updatedBy": 1, "updatedAt": "2025-11-20T07:16:20.810Z"}}, {"model": "squadServices.state", "pk": 7, "fields": {"country": 9, "name": "Bhaktapur", "isDeleted": false, "createdBy": 1, "createdAt": "2025-11-20T07:16:49.137Z", "updatedBy": 1, "updatedAt": "2025-11-20T07:17:00.884Z"}}, {"model": "squadServices.state", "pk": 8, "fields": {"country": 8, "name": "Tokyo", "isDeleted": false, "createdBy": 1, "createdAt": "2025-11-24T08:45:18.853Z", "updatedBy": 1, "updatedAt": "2025-11-24T08:45:18.853Z"}}, {"model": "squadServices.currency", "pk": 1, "fields": {"country": 1, "name": "pesa", "isDeleted": true, "createdAt": "2025-11-18T05:38:59.075Z", "updatedAt": "2025-11-18T07:23:58.775Z", "createdBy": 1, "updatedBy": 1}}, {"model": "squadServices.currency", "pk": 3, "fields": {"country": 2, "name": "Rupees", "isDeleted": false, "createdAt": "2025-11-18T06:40:52.359Z", "updatedAt": "2025-11-18T06:40:52.359Z", "createdBy": 1, "updatedBy": 1}}, {"model": "squadServices.currency", "pk": 4, "fields": {"country": 1, "name": "pesa", "isDeleted": true, "createdAt": "2025-11-18T07:25:18.424Z", "updatedAt": "2025-11-24T08:47:44.838Z", "createdBy": 1, "updatedBy": 1}}, {"model": "squadServices.currency", "pk": 5, "fields": {"country": 9, "name": "Nepali Rupees", "isDeleted": false, "createdAt": "2025-11-20T07:47:07.483Z", "updatedAt": "2025-11-20T07:47:07.484Z", "createdBy": 1, "updatedBy": 1}}, {"model": "squadServices.currency", "pk": 6, "fields": {"country": 3, "name": "US Dollar", "isDeleted": false, "createdAt": "2025-11-24T08:47:59.851Z", "updatedAt": "2025-11-24T08:47:59.851Z", "createdBy": 1, "updatedBy": 1}}, {"model": "squadServices.entity", "pk": 1, "fields": {"name": "India", "isDeleted": true, "createdAt": "2025-11-18T07:33:31.587Z", "updatedAt": "2025-11-18T07:34:51.233Z", "createdBy": 1, "updatedBy": 1}}, {"model": "squadServices.entity", "pk": 2, "fields": {"name": "Podamibe", "isDeleted": false, "createdAt": "2025-11-18T07:35:19.720Z", "updatedAt": "2025-11-24T08:48:13.068Z", "createdBy": 1, "updatedBy": 1}}, {"model": "squadServices.entity", "pk": 3, "fields": {"name": "india", "isDeleted": true, "createdAt": "2025-11-18T07:35:35.469Z", "updatedAt": "2025-11-24T08:48:19.467Z", "createdBy": 1, "updatedBy": 1}}, {"model": "squadServices.entity", "pk": 4, "fields": {"name": "Podamibe Nepal Pvt. Ltd.", "isDeleted": false, "createdAt": "2025-11-20T08:26:59.153Z", "updatedAt": "2025-11-20T08:26:59.154Z", "createdBy": 1, "updatedBy": 1}}, {"model": "squadServices.timezone", "pk": 1, "fields": {"name": "Kathmandu", "isDeleted": true, "createdAt": "2025-11-18T07:47:49.825Z", "updatedAt": "2025-11-18T07:48:04.148Z", "createdBy": 1, "updatedBy": 1}}, {"model": "squadServices.timezone", "pk": 2, "fields": {"name": "Kathmandu", "isDeleted": false, "createdAt": "2025-11-18T07:48:08.334Z", "updatedAt": "2025-11-18T07:48:08.334Z", "createdBy": 1, "updatedBy": 1}}, {"model": "squadServices.timezone", "pk": 3, "fields": {"name": "Delhi", "isDeleted": false, "createdAt": "2025-11-18T07:48:18.538Z", "updatedAt": "2025-11-18T07:48:18.538Z", "createdBy": 1, "updatedBy": 1}}, {"model": "squadServices.timezone", "pk": 4, "fields": {"name": "Everest", "isDeleted": true, "createdAt": "2025-11-20T10:12:08.381Z", "updatedAt": "2025-11-20T10:13:45.000Z", "createdBy": 1, "updatedBy": 1}}, {"model": "squadServices.timezone", "pk": 5, "fields": {"name": "Tokyo", "isDeleted": false, "createdAt": "2025-11-24T08:48:32.800Z", "updatedAt": "2025-11-24T08:48:32.800Z", "createdBy": 1, "updatedBy": 1}}, {"model": "squadServices.companycategory", "pk": 1, "fields": {"name": "Sports", "isDeleted": false, "createdBy": 1, "createdAt": "2025-11-18T08:20:49.324Z", "updatedBy": 1, "updatedAt": "2025-11-18T08:20:49.324Z"}}, {"model": "squadServices.companycategory", "pk": 2, "fields": {"name": "Film", "isDeleted": false, "createdBy": 1, "createdAt": "2025-11-20T08:58:33.212Z", "updatedBy": 1, "updatedAt": "2025-11-20T08:58:33.212Z"}}, {"model": "squadServices.companycategory", "pk": 3, "fields": {"name": "Food", "isDeleted": false, "createdBy": 1, "createdAt": "2025-11-20T08:58:51.343Z", "updatedBy": 1, "updatedAt": "2025-11-20T08:58:51.343Z"}}, {"model": "squadServices.companycategory", "pk": 4, "fields": {"name": "Manufacturing", "isDeleted": false, "createdBy": 1, "createdAt": "2025-11-24T08:48:43.663Z", "updatedBy": 1, "updatedAt": "2025-11-24T08:48:48.108Z"}}, {"model": "squadServices.companystatus", "pk": 1, "fields": {"name": "Active", "isDeleted": true, "createdBy": 1, "createdAt": "2025-11-18T09:37:49.643Z", "updatedBy": 1, "updatedAt": "2025-11-18T09:39:27.741Z"}}, {"model": "squadServices.companystatus", "pk": 4, "fields": {"name": "Active", "isDeleted": false, "createdBy": 1, "createdAt": "2025-11-18T09:39:32.885Z", "updatedBy": 1, "updatedAt": "2025-11-18T09:39:32.885Z"}}, {"model": "squadServices.companystatus", "pk": 8, "fields": {"name": "Inactive", "isDeleted": false, "createdBy": 1, "createdAt": "2025-11-24T08:49:01.190Z", "updatedBy": 1, "updatedAt": "2025-11-24T08:49:01.190Z"}}, {"model": "squadServices.companystatus", "pk": 9, "fields": {"name": "Closed", "isDeleted": false, "createdBy": 1, "createdAt": "2025-11-24T08:49:05.273Z", "updatedBy": 1, "updatedAt": "2025-11-24T08:49:05.273Z"}}, {"model": "squadServices.companystatus", "pk": 10, "fields": {"name": "Registered", "isDeleted": false, "createdBy": 1, "createdAt": "2025-11-24T08:49:13.800Z", "updatedBy": 1, "updatedAt": "2025-11-24T08:49:13.800Z"}}, {"model": "squadServices.companystatus", "pk": 11, "fields": {"name": "Unregistered", "isDeleted": false, "createdBy": 1, "createdAt": "2025-11-24T08:49:20.425Z", "updatedBy": 1, "updatedAt": "2025-11-24T08:49:20.425Z"}}, {"model": "squadServices.company", "pk": 1, "fields": {"name": "Example Company", "shortName": "ExCo", "phone": "1234567890", "companyEmail": "info@example.com", "supportEmail": "support@example.com", "billingEmail": "billing@example.com", "ratesEmail": "rates@example.com", "lowBalanceAlertEmail": "alert@example.com", "country": 1, "state": 1, "category": 1, "status": 1, "currency": 1, "timeZone": 1, "businessEntity": 1, "customerCreditLimit": "10000.0000", "vendorCreditLimit": "5000.0000", "balanceAlertAmount": "100.0000", "referencNumber": "REF123456", "vatNumber": "VAT123456", "address": "123 Example Street, City, Country", "validityPeriod": "UNL", "defaultEmail": "CMP", "onlinePayment": true, "companyBlocked": false, "allowWhiteListedCards": false, "sendDailyReports": true, "allowNetting": false, "showHlrApi": false, "enableVendorPanel": false, "isDeleted": true, "createdBy": 1, "createdAt": "2025-11-18T11:47:36.833Z", "updatedBy": 1, "updatedAt": "2025-11-21T07:29:22.189Z"}}, {"model": "squadServices.company", "pk": 2, "fields": {"name": "Gecko Works Nepal", "shortName": "GECKO", "phone": "9840209417", "companyEmail": "info@geckoworksnepal.com", "supportEmail": "support@geckoworksnepal.com", "billingEmail": "billing@geckoworksnepal.com", "ratesEmail": "rates@geckoworksnepal.com", "lowBalanceAlertEmail": "finance@geckoworksnepal.com", "country": 9, "state": 1, "category": 4, "status": 10, "currency": 6, "timeZone": 2, "businessEntity": 2, "customerCreditLimit": "5000.0000", "vendorCreditLimit": "10000.0000", "balanceAlertAmount": "500.0000", "referencNumber": "GEk-123-123", "vatNumber": "VAT123", "address": "Bhotebahal, Kathmandu", "validityPeriod": "UNL", "defaultEmail": "CMP", "onlinePayment": true, "companyBlocked": false, "allowWhiteListedCards": false, "sendDailyReports": false, "allowNetting": false, "showHlrApi": false, "enableVendorPanel": false, "isDeleted": false, "createdBy": 1, "createdAt": "2025-11-21T06:47:18.770Z", "updatedBy": 1, "updatedAt": "2025-11-24T08:50:44.227Z"}}, {"model": "squadServices.company", "pk": 3, "fields": {"name": "Snow and Castro Inc", "shortName": "Denise Peters", "phone": "+1 (212) 976-4869", "companyEmail": "zybarybaw@mailinator.com", "supportEmail": "tykocac@mailinator.com", "billingEmail": "hufixac@mailinator.com", "ratesEmail": "bamaxoniz@mailinator.com", "lowBalanceAlertEmail": "jyna@mailinator.com", "country": 4, "state": 3, "category": 1, "status": 4, "currency": 5, "timeZone": 2, "businessEntity": 2, "customerCreditLimit": "44.0000", "vendorCreditLimit": "71.0000", "balanceAlertAmount": "1.0000", "referencNumber": "257", "vatNumber": "334", "address": "Pariatur Consequatu", "validityPeriod": "LTD", "defaultEmail": "CMP", "onlinePayment": true, "companyBlocked": false, "allowWhiteListedCards": true, "sendDailyReports": true, "allowNetting": true, "showHlrApi": true, "enableVendorPanel": false, "isDeleted": false, "createdBy": 1, "createdAt": "2025-11-21T06:48:07.290Z", "updatedBy": 1, "updatedAt": "2025-11-21T06:48:07.290Z"}}, {"model": "squadServices.company", "pk": 4, "fields": {"name": "Nguyen Tillman LLC", "shortName": "Herrod Snow", "phone": "+1 (673) 553-4297", "companyEmail": "xuzuzaryja@mailinator.com", "supportEmail": "hegokyk@mailinator.com", "billingEmail": "qofadyqemy@mailinator.com", "ratesEmail": "turesis@mailinator.com", "lowBalanceAlertEmail": "pobojyt@mailinator.com", "country": 4, "state": 3, "category": 2, "status": 4, "currency": 4, "timeZone": 3, "businessEntity": 4, "customerCreditLimit": "3.0000", "vendorCreditLimit": "24.0000", "balanceAlertAmount": "19.0000", "referencNumber": "212", "vatNumber": "911", "address": "Velit ullamco conse", "validityPeriod": "LTD", "defaultEmail": "CMP", "onlinePayment": false, "companyBlocked": false, "allowWhiteListedCards": false, "sendDailyReports": false, "allowNetting": true, "showHlrApi": true, "enableVendorPanel": false, "isDeleted": false, "createdBy": 1, "createdAt": "2025-11-21T07:24:07.118Z", "updatedBy": 1, "updatedAt": "2025-11-21T07:24:07.118Z"}}, {"model": "squadServices.connectivity", "pk": 1, "fields": {"smppHost": "smpp.host.com", "smppPort": 587, "systemID": "80803", "password": "45678", "bindMode": "TRANSMITTER", "sourceTON": 32323, "destTON": 32343, "sourceNPI": 23232, "destNPI": 3323, "isDeleted": false, "createdBy": 1, "createdAt": "2025-11-25T03:54:48.853Z", "updatedBy": 1, "updatedAt": "2025-11-25T05:34:11.282Z"}}, {"model": "squadServices.connectivity", "pk": 2, "fields": {"smppHost": "smpp.host.com", "smppPort": 2775, "systemID": "8080", "password": "123456789", "bindMode": "TRANSMITTER", "sourceTON": 5, "destTON": 3, "sourceNPI": 2, "destNPI": 1, "isDeleted": false, "createdBy": 1, "createdAt": "2025-11-25T04:44:41.185Z", "updatedBy": 1, "updatedAt": "2025-11-25T04:44:41.185Z"}}, {"model": "squadServices.connectivity", "pk": 3, "fields": {"smppHost": "dashain", "smppPort": 587, "systemID": "tihar", "password": "daash", "bindMode": "TRANSMITTER", "sourceTON": 32323, "destTON": 32343, "sourceNPI": 23232, "destNPI": 3323, "isDeleted": false, "createdBy": 1, "createdAt": "2025-11-25T05:46:58.339Z", "updatedBy": 1, "updatedAt": "2025-11-25T05:46:58.339Z"}}, {"model": "squadServices.connectivity", "pk": 4, "fields": {"smppHost": "asd", "smppPort": 54, "systemID": "csad", "password": "asdas", "bindMode": "TRANSMITTER", "sourceTON": 0, "destTON": 0, "sourceNPI": 0, "destNPI": 0, "isDeleted": true, "createdBy": 1, "createdAt": "2025-11-25T06:19:17.042Z", "updatedBy": 1, "updatedAt": "2025-11-25T07:54:50.507Z"}}, {"model": "squadServices.connectivity", "pk": 5, "fields": {"smppHost": "Est aut et nisi eos", "smppPort": 58, "systemID": "Voluptates consequun", "password": "Pa$$w0rd!", "bindMode": "RECEIVER", "sourceTON": 95, "destTON": 92, "sourceNPI": 9, "destNPI": 32, "isDeleted": false, "createdBy": 1, "createdAt": "2025-11-25T07:54:45.897Z", "updatedBy": 1, "updatedAt": "2025-11-25T07:54:45.898Z"}}, {"model": "squadServices.vendor", "pk": 1, "fields": {"company": 2, "profileName": "Basket", "connectionType": "HTTP", "isDeleted": false, "createdBy": 1, "createdAt": "2025-11-25T06:42:26.785Z", "updatedBy": 1, "updatedAt": "2025-11-25T06:42:26.785Z"}}, {"model": "squadServices.vendor", "pk": 2, "fields": {"company": 3, "profileName": "Disney", "connectionType": "SMPP", "isDeleted": false, "createdBy": 1, "createdAt": "2025-11-25T06:43:26.393Z", "updatedBy": 1, "updatedAt": "2025-11-25T06:43:26.393Z"}}, {"model": "squadServices.vendor", "pk": 3, "fields": {"company": 2, "profileName": "Finds", "connectionType": "SMPP", "isDeleted": false, "createdBy": 1, "createdAt": "2025-11-25T06:44:53.948Z", "updatedBy": 1, "updatedAt": "2025-11-25T06:44:53.948Z"}}, {"model": "squadServices.vendor", "pk": 4, "fields": {"company": 2, "profileName": "A", "connectionType": "SMPP", "isDeleted": true, "createdBy": 1, "createdAt": "2025-11-25T06:45:43.700Z", "updatedBy": 1, "updatedAt": "2025-11-25T06:45:46.836Z"}}]