[{"model": "squadServices.user", "pk": 1, "fields": {"password": "pbkdf2_sha256$1000000$E28jnCe8Gc2TSeIqCtetJw$9dgY+rrn4Z8dqGu+XJ5dFmD+OC5tjowothEiYnoRMPQ=", "last_login": "2025-11-25T04:28:22.817Z", "is_superuser": true, "username": "sweta", "first_name": "", "last_name": "", "email": "", "is_staff": true, "is_active": true, "date_joined": "2025-10-30T19:40:38Z", "phone": "9818147006", "userType": "ADMIN", "isDeleted": false, "createdAt": "2025-11-19T11:16:07.574Z", "updatedAt": "2025-11-19T11:16:07.647Z", "groups": [], "user_permissions": []}}, {"model": "squadServices.user", "pk": 2, "fields": {"password": "pbkdf2_sha256$1000000$1s9zgQmzginlIhkkz5rapd$+x5nUzLrJyGtHDOvXMeSWE1jtHLDDx7h1tnGcnTNmYc=", "last_login": null, "is_superuser": false, "username": "shree", "first_name": "", "last_name": "", "email": "shree@example.com", "is_staff": false, "is_active": true, "date_joined": "2025-11-01T16:43:19Z", "phone": "9812345678", "userType": "SALES", "isDeleted": false, "createdAt": "2025-11-19T11:16:07.574Z", "updatedAt": "2025-11-19T11:16:07.647Z", "groups": [], "user_permissions": []}}, {"model": "squadServices.user", "pk": 3, "fields": {"password": "pbkdf2_sha256$1000000$hQWNPSFreNvX8EpHq6RodY$uJqP7YvTRjpIcnafRnhzSZ+F40a7fXTtHoyROvAMHWI=", "last_login": null, "is_superuser": false, "username": "dhakal", "first_name": "", "last_name": "", "email": "dhakal@example.com", "is_staff": false, "is_active": true, "date_joined": "2025-11-02T07:26:43Z", "phone": "9812335678", "userType": "SUPPORT", "isDeleted": false, "createdAt": "2025-11-19T11:16:07.574Z", "updatedAt": "2025-11-19T11:16:07.647Z", "groups": [], "user_permissions": []}}, {"model": "squadServices.user", "pk": 4, "fields": {"password": "pbkdf2_sha256$1000000$Pi73MXnnSe1i5H1Wgq3hhH$CHJMXQIEAUovBY9x72kwZo5UUVBOVpjT7sht8AOOYCA=", "last_login": null, "is_superuser": false, "username": "tester", "first_name": "", "last_name": "", "email": "test.maha10@gmail.com", "is_staff": false, "is_active": true, "date_joined": "2025-11-02T07:33:31Z", "phone": "1234567890", "userType": "NOC", "isDeleted": false, "createdAt": "2025-11-19T11:16:07.574Z", "updatedAt": "2025-11-19T11:16:07.647Z", "groups": [], "user_permissions": []}}, {"model": "squadServices.navitem", "pk": 1, "fields": {"label": "Dashboard", "parent": null, "url": "dashboard", "order": 1, "is_active": true, "icon": "LayoutDashboard", "isDeleted": false, "createdBy": null, "createdAt": "2025-11-19T11:16:07.268Z", "updatedBy": null, "updatedAt": "2025-11-19T11:16:07.346Z"}}, {"model": "squadServices.navitem", "pk": 2, "fields": {"label": "User", "parent": null, "url": "users", "order": 2, "is_active": true, "icon": "User", "isDeleted": false, "createdBy": null, "createdAt": "2025-11-19T11:16:07.268Z", "updatedBy": null, "updatedAt": "2025-11-19T11:16:07.346Z"}}, {"model": "squadServices.navitem", "pk": 4, "fields": {"label": "Module List", "parent": null, "url": "createSidebar", "order": 0, "is_active": true, "icon": "SquarePlus", "isDeleted": false, "createdBy": null, "createdAt": "2025-11-19T11:16:07.268Z", "updatedBy": null, "updatedAt": "2025-11-19T11:16:07.346Z"}}, {"model": "squadServices.navitem", "pk": 14, "fields": {"label": "Role", "parent": null, "url": "role", "order": 1, "is_active": true, "icon": "Settings2", "isDeleted": false, "createdBy": null, "createdAt": "2025-11-19T11:16:07.268Z", "updatedBy": null, "updatedAt": "2025-11-19T11:16:07.346Z"}}, {"model": "squadServices.navitem", "pk": 20, "fields": {"label": "Create Campaign", "parent": null, "url": "campaign", "order": 1, "is_active": true, "icon": "CirclePlus", "isDeleted": false, "createdBy": null, "createdAt": "2025-11-19T11:16:07.268Z", "updatedBy": null, "updatedAt": "2025-11-19T11:16:07.346Z"}}, {"model": "squadServices.navitem", "pk": 21, "fields": {"label": "Template", "parent": null, "url": "template", "order": 1, "is_active": true, "icon": "LayoutTemplate", "isDeleted": false, "createdBy": null, "createdAt": "2025-11-19T11:16:07.268Z", "updatedBy": null, "updatedAt": "2025-11-19T11:16:07.346Z"}}, {"model": "squadServices.navitem", "pk": 46, "fields": {"label": "Email Template", "parent": null, "url": "emailTemplate", "order": 1, "is_active": true, "icon": "MailPlus", "isDeleted": false, "createdBy": null, "createdAt": "2025-11-19T11:16:07.268Z", "updatedBy": null, "updatedAt": "2025-11-19T11:16:07.346Z"}}, {"model": "squadServices.navitem", "pk": 60, "fields": {"label": "Settings", "parent": null, "url": "setting", "order": 1, "is_active": true, "icon": "Settings", "isDeleted": false, "createdBy": null, "createdAt": "2025-11-19T11:16:07.268Z", "updatedBy": null, "updatedAt": "2025-11-19T11:16:07.346Z"}}, {"model": "squadServices.navitem", "pk": 61, "fields": {"label": "SMTP", "parent": 60, "url": "setting/smtp", "order": 1, "is_active": true, "icon": "Mail", "isDeleted": false, "createdBy": null, "createdAt": "2025-11-19T11:16:07.268Z", "updatedBy": null, "updatedAt": "2025-11-19T11:16:07.346Z"}}, {"model": "squadServices.navitem", "pk": 65, "fields": {"label": "Send Mail", "parent": null, "url": "sendMail", "order": 1, "is_active": true, "icon": "Mail", "isDeleted": false, "createdBy": null, "createdAt": "2025-11-19T11:16:07.268Z", "updatedBy": null, "updatedAt": "2025-11-19T11:16:07.346Z"}}, {"model": "squadServices.navitem", "pk": 67, "fields": {"label": "State", "parent": 60, "url": "setting/state", "order": 1, "is_active": true, "icon": "LandPlot", "isDeleted": false, "createdBy": null, "createdAt": "2025-11-19T11:16:07.268Z", "updatedBy": null, "updatedAt": "2025-11-19T11:16:07.346Z"}}, {"model": "squadServices.navitem", "pk": 69, "fields": {"label": "Country", "parent": 60, "url": "setting/country", "order": 1, "is_active": true, "icon": "Globe", "isDeleted": false, "createdBy": null, "createdAt": "2025-11-19T11:16:07.268Z", "updatedBy": null, "updatedAt": "2025-11-19T11:16:07.346Z"}}, {"model": "squadServices.navitem", "pk": 70, "fields": {"label": "Currency", "parent": 60, "url": "setting/currency", "order": 1, "is_active": true, "icon": "CircleDollarSign", "isDeleted": false, "createdBy": null, "createdAt": "2025-11-19T11:16:07.268Z", "updatedBy": null, "updatedAt": "2025-11-19T11:16:07.346Z"}}, {"model": "squadServices.navitem", "pk": 71, "fields": {"label": "Entity", "parent": 60, "url": "setting/entity", "order": 1, "is_active": true, "icon": "Box", "isDeleted": false, "createdBy": null, "createdAt": "2025-11-19T11:16:07.268Z", "updatedBy": 1, "updatedAt": "2025-11-21T04:39:36.258Z"}}, {"model": "squadServices.navitem", "pk": 72, "fields": {"label": "TimeZone", "parent": 60, "url": "setting/timeZone", "order": 1, "is_active": true, "icon": "Clock", "isDeleted": false, "createdBy": null, "createdAt": "2025-11-19T11:16:07.268Z", "updatedBy": null, "updatedAt": "2025-11-19T11:16:07.346Z"}}, {"model": "squadServices.navitem", "pk": 73, "fields": {"label": "Company Category", "parent": 60, "url": "setting/companyCategory", "order": 1, "is_active": true, "icon": "Building2", "isDeleted": false, "createdBy": null, "createdAt": "2025-11-19T11:16:07.268Z", "updatedBy": null, "updatedAt": "2025-11-19T11:16:07.346Z"}}, {"model": "squadServices.navitem", "pk": 74, "fields": {"label": "Company Status", "parent": 60, "url": "setting/companyStatus", "order": 1, "is_active": true, "icon": "SquareActivity", "isDeleted": false, "createdBy": null, "createdAt": "2025-11-19T11:16:07.268Z", "updatedBy": null, "updatedAt": "2025-11-19T11:16:07.346Z"}}, {"model": "squadServices.navitem", "pk": 78, "fields": {"label": "testy", "parent": 60, "url": "setting/test", "order": 1, "is_active": true, "icon": "Baby", "isDeleted": true, "createdBy": null, "createdAt": "2025-11-19T11:16:07.268Z", "updatedBy": 1, "updatedAt": "2025-11-24T08:24:54.219Z"}}, {"model": "squadServices.navitem", "pk": 79, "fields": {"label": "Company", "parent": null, "url": "company", "order": 1, "is_active": true, "icon": "Building", "isDeleted": false, "createdBy": 1, "createdAt": "2025-11-21T04:36:35.557Z", "updatedBy": 1, "updatedAt": "2025-11-21T04:36:35.579Z"}}, {"model": "squadServices.navitem", "pk": 80, "fields": {"label": "Connectivity", "parent": null, "url": "connectivity", "order": 1, "is_active": true, "icon": "Network", "isDeleted": false, "createdBy": 1, "createdAt": "2025-11-24T08:03:09.444Z", "updatedBy": 1, "updatedAt": "2025-11-24T08:03:09.453Z"}}, {"model": "squadServices.navitem", "pk": 81, "fields": {"label": "Vendor", "parent": 80, "url": "connectivity/vendor", "order": 1, "is_active": true, "icon": "Warehouse", "isDeleted": false, "createdBy": 1, "createdAt": "2025-11-24T09:44:45.022Z", "updatedBy": 1, "updatedAt": "2025-11-24T09:44:45.056Z"}}, {"model": "squadServices.navitem", "pk": 82, "fields": {"label": "Smpp", "parent": 80, "url": "connectivity/smpp", "order": 1, "is_active": true, "icon": "MessageSquareText", "isDeleted": false, "createdBy": 1, "createdAt": "2025-11-25T03:22:38.060Z", "updatedBy": 1, "updatedAt": "2025-11-25T03:23:09.131Z"}}, {"model": "squadServices.navuserrelation", "pk": 1, "fields": {"userType": "ADMIN", "navigateId": 1, "read": true, "write": false, "delete": false, "put": false}}, {"model": "squadServices.navuserrelation", "pk": 2, "fields": {"userType": "ADMIN", "navigateId": 2, "read": false, "write": false, "delete": false, "put": false}}, {"model": "squadServices.navuserrelation", "pk": 4, "fields": {"userType": "ADMIN", "navigateId": 4, "read": true, "write": true, "delete": true, "put": true}}, {"model": "squadServices.navuserrelation", "pk": 8, "fields": {"userType": "SALES", "navigateId": 1, "read": true, "write": false, "delete": false, "put": false}}, {"model": "squadServices.navuserrelation", "pk": 9, "fields": {"userType": "SALES", "navigateId": 2, "read": true, "write": false, "delete": false, "put": false}}, {"model": "squadServices.navuserrelation", "pk": 11, "fields": {"userType": "SALES", "navigateId": 4, "read": false, "write": false, "delete": false, "put": false}}, {"model": "squadServices.navuserrelation", "pk": 15, "fields": {"userType": "SUPPORT", "navigateId": 1, "read": true, "write": false, "delete": false, "put": false}}, {"model": "squadServices.navuserrelation", "pk": 16, "fields": {"userType": "SUPPORT", "navigateId": 2, "read": true, "write": false, "delete": false, "put": false}}, {"model": "squadServices.navuserrelation", "pk": 18, "fields": {"userType": "SUPPORT", "navigateId": 4, "read": true, "write": false, "delete": false, "put": false}}, {"model": "squadServices.navuserrelation", "pk": 22, "fields": {"userType": "NOC", "navigateId": 1, "read": true, "write": false, "delete": false, "put": false}}, {"model": "squadServices.navuserrelation", "pk": 23, "fields": {"userType": "NOC", "navigateId": 2, "read": false, "write": false, "delete": false, "put": false}}, {"model": "squadServices.navuserrelation", "pk": 25, "fields": {"userType": "NOC", "navigateId": 4, "read": false, "write": false, "delete": false, "put": false}}, {"model": "squadServices.navuserrelation", "pk": 29, "fields": {"userType": "RATE", "navigateId": 1, "read": false, "write": false, "delete": false, "put": false}}, {"model": "squadServices.navuserrelation", "pk": 30, "fields": {"userType": "RATE", "navigateId": 2, "read": false, "write": false, "delete": false, "put": false}}, {"model": "squadServices.navuserrelation", "pk": 32, "fields": {"userType": "RATE", "navigateId": 4, "read": false, "write": false, "delete": false, "put": false}}, {"model": "squadServices.navuserrelation", "pk": 36, "fields": {"userType": "FINANCE", "navigateId": 1, "read": false, "write": false, "delete": false, "put": false}}, {"model": "squadServices.navuserrelation", "pk": 37, "fields": {"userType": "FINANCE", "navigateId": 2, "read": false, "write": false, "delete": false, "put": false}}, {"model": "squadServices.navuserrelation", "pk": 39, "fields": {"userType": "FINANCE", "navigateId": 4, "read": false, "write": false, "delete": false, "put": false}}, {"model": "squadServices.navuserrelation", "pk": 43, "fields": {"userType": "ADMIN", "navigateId": 14, "read": true, "write": true, "delete": false, "put": false}}, {"model": "squadServices.navuserrelation", "pk": 44, "fields": {"userType": "SALES", "navigateId": 14, "read": false, "write": false, "delete": false, "put": false}}, {"model": "squadServices.navuserrelation", "pk": 45, "fields": {"userType": "SUPPORT", "navigateId": 14, "read": false, "write": false, "delete": false, "put": false}}, {"model": "squadServices.navuserrelation", "pk": 46, "fields": {"userType": "NOC", "navigateId": 14, "read": true, "write": false, "delete": false, "put": false}}, {"model": "squadServices.navuserrelation", "pk": 47, "fields": {"userType": "RATE", "navigateId": 14, "read": false, "write": false, "delete": false, "put": false}}, {"model": "squadServices.navuserrelation", "pk": 48, "fields": {"userType": "FINANCE", "navigateId": 14, "read": false, "write": false, "delete": false, "put": false}}, {"model": "squadServices.navuserrelation", "pk": 73, "fields": {"userType": "ADMIN", "navigateId": 20, "read": true, "write": true, "delete": true, "put": true}}, {"model": "squadServices.navuserrelation", "pk": 74, "fields": {"userType": "SALES", "navigateId": 20, "read": false, "write": false, "delete": false, "put": false}}, {"model": "squadServices.navuserrelation", "pk": 75, "fields": {"userType": "SUPPORT", "navigateId": 20, "read": false, "write": false, "delete": false, "put": false}}, {"model": "squadServices.navuserrelation", "pk": 76, "fields": {"userType": "NOC", "navigateId": 20, "read": false, "write": false, "delete": false, "put": false}}, {"model": "squadServices.navuserrelation", "pk": 77, "fields": {"userType": "RATE", "navigateId": 20, "read": false, "write": false, "delete": false, "put": false}}, {"model": "squadServices.navuserrelation", "pk": 78, "fields": {"userType": "FINANCE", "navigateId": 20, "read": false, "write": false, "delete": false, "put": false}}, {"model": "squadServices.navuserrelation", "pk": 79, "fields": {"userType": "ADMIN", "navigateId": 21, "read": true, "write": true, "delete": true, "put": true}}, {"model": "squadServices.navuserrelation", "pk": 80, "fields": {"userType": "SALES", "navigateId": 21, "read": false, "write": false, "delete": false, "put": false}}, {"model": "squadServices.navuserrelation", "pk": 81, "fields": {"userType": "SUPPORT", "navigateId": 21, "read": false, "write": false, "delete": false, "put": false}}, {"model": "squadServices.navuserrelation", "pk": 82, "fields": {"userType": "NOC", "navigateId": 21, "read": false, "write": false, "delete": false, "put": false}}, {"model": "squadServices.navuserrelation", "pk": 83, "fields": {"userType": "RATE", "navigateId": 21, "read": false, "write": false, "delete": false, "put": false}}, {"model": "squadServices.navuserrelation", "pk": 84, "fields": {"userType": "FINANCE", "navigateId": 21, "read": false, "write": false, "delete": false, "put": false}}, {"model": "squadServices.navuserrelation", "pk": 169, "fields": {"userType": "ADMIN", "navigateId": 46, "read": true, "write": true, "delete": true, "put": true}}, {"model": "squadServices.navuserrelation", "pk": 170, "fields": {"userType": "SALES", "navigateId": 46, "read": true, "write": false, "delete": false, "put": false}}, {"model": "squadServices.navuserrelation", "pk": 171, "fields": {"userType": "SUPPORT", "navigateId": 46, "read": true, "write": false, "delete": false, "put": false}}, {"model": "squadServices.navuserrelation", "pk": 172, "fields": {"userType": "NOC", "navigateId": 46, "read": true, "write": false, "delete": false, "put": false}}, {"model": "squadServices.navuserrelation", "pk": 173, "fields": {"userType": "RATE", "navigateId": 46, "read": true, "write": false, "delete": false, "put": false}}, {"model": "squadServices.navuserrelation", "pk": 174, "fields": {"userType": "FINANCE", "navigateId": 46, "read": true, "write": false, "delete": false, "put": false}}, {"model": "squadServices.navuserrelation", "pk": 217, "fields": {"userType": "ADMIN", "navigateId": 60, "read": true, "write": true, "delete": true, "put": true}}, {"model": "squadServices.navuserrelation", "pk": 218, "fields": {"userType": "SALES", "navigateId": 60, "read": true, "write": true, "delete": true, "put": true}}, {"model": "squadServices.navuserrelation", "pk": 219, "fields": {"userType": "SUPPORT", "navigateId": 60, "read": true, "write": true, "delete": true, "put": true}}, {"model": "squadServices.navuserrelation", "pk": 220, "fields": {"userType": "NOC", "navigateId": 60, "read": true, "write": true, "delete": true, "put": true}}, {"model": "squadServices.navuserrelation", "pk": 221, "fields": {"userType": "RATE", "navigateId": 60, "read": true, "write": true, "delete": true, "put": true}}, {"model": "squadServices.navuserrelation", "pk": 222, "fields": {"userType": "FINANCE", "navigateId": 60, "read": true, "write": true, "delete": true, "put": true}}, {"model": "squadServices.navuserrelation", "pk": 223, "fields": {"userType": "ADMIN", "navigateId": 61, "read": true, "write": true, "delete": true, "put": true}}, {"model": "squadServices.navuserrelation", "pk": 224, "fields": {"userType": "SALES", "navigateId": 61, "read": true, "write": true, "delete": true, "put": true}}, {"model": "squadServices.navuserrelation", "pk": 225, "fields": {"userType": "SUPPORT", "navigateId": 61, "read": true, "write": true, "delete": true, "put": true}}, {"model": "squadServices.navuserrelation", "pk": 226, "fields": {"userType": "NOC", "navigateId": 61, "read": true, "write": true, "delete": true, "put": true}}, {"model": "squadServices.navuserrelation", "pk": 227, "fields": {"userType": "RATE", "navigateId": 61, "read": true, "write": true, "delete": true, "put": true}}, {"model": "squadServices.navuserrelation", "pk": 228, "fields": {"userType": "FINANCE", "navigateId": 61, "read": true, "write": true, "delete": true, "put": true}}, {"model": "squadServices.navuserrelation", "pk": 247, "fields": {"userType": "ADMIN", "navigateId": 65, "read": true, "write": true, "delete": true, "put": true}}, {"model": "squadServices.navuserrelation", "pk": 248, "fields": {"userType": "SALES", "navigateId": 65, "read": true, "write": true, "delete": true, "put": true}}, {"model": "squadServices.navuserrelation", "pk": 249, "fields": {"userType": "SUPPORT", "navigateId": 65, "read": true, "write": true, "delete": true, "put": true}}, {"model": "squadServices.navuserrelation", "pk": 250, "fields": {"userType": "NOC", "navigateId": 65, "read": true, "write": true, "delete": true, "put": true}}, {"model": "squadServices.navuserrelation", "pk": 251, "fields": {"userType": "RATE", "navigateId": 65, "read": true, "write": true, "delete": true, "put": true}}, {"model": "squadServices.navuserrelation", "pk": 252, "fields": {"userType": "FINANCE", "navigateId": 65, "read": true, "write": true, "delete": true, "put": true}}, {"model": "squadServices.navuserrelation", "pk": 259, "fields": {"userType": "ADMIN", "navigateId": 67, "read": true, "write": true, "delete": true, "put": true}}, {"model": "squadServices.navuserrelation", "pk": 260, "fields": {"userType": "SALES", "navigateId": 67, "read": true, "write": false, "delete": false, "put": false}}, {"model": "squadServices.navuserrelation", "pk": 261, "fields": {"userType": "SUPPORT", "navigateId": 67, "read": true, "write": false, "delete": false, "put": false}}, {"model": "squadServices.navuserrelation", "pk": 262, "fields": {"userType": "NOC", "navigateId": 67, "read": true, "write": false, "delete": false, "put": false}}, {"model": "squadServices.navuserrelation", "pk": 263, "fields": {"userType": "RATE", "navigateId": 67, "read": true, "write": false, "delete": false, "put": false}}, {"model": "squadServices.navuserrelation", "pk": 264, "fields": {"userType": "FINANCE", "navigateId": 67, "read": true, "write": true, "delete": true, "put": true}}, {"model": "squadServices.navuserrelation", "pk": 265, "fields": {"userType": "ADMIN", "navigateId": 69, "read": true, "write": true, "delete": true, "put": true}}, {"model": "squadServices.navuserrelation", "pk": 266, "fields": {"userType": "SALES", "navigateId": 69, "read": true, "write": false, "delete": false, "put": false}}, {"model": "squadServices.navuserrelation", "pk": 267, "fields": {"userType": "SUPPORT", "navigateId": 69, "read": true, "write": false, "delete": false, "put": false}}, {"model": "squadServices.navuserrelation", "pk": 268, "fields": {"userType": "NOC", "navigateId": 69, "read": true, "write": false, "delete": false, "put": false}}, {"model": "squadServices.navuserrelation", "pk": 269, "fields": {"userType": "RATE", "navigateId": 69, "read": true, "write": false, "delete": false, "put": false}}, {"model": "squadServices.navuserrelation", "pk": 270, "fields": {"userType": "FINANCE", "navigateId": 69, "read": true, "write": false, "delete": false, "put": false}}, {"model": "squadServices.navuserrelation", "pk": 271, "fields": {"userType": "ADMIN", "navigateId": 70, "read": true, "write": true, "delete": true, "put": true}}, {"model": "squadServices.navuserrelation", "pk": 272, "fields": {"userType": "SALES", "navigateId": 70, "read": true, "write": false, "delete": false, "put": false}}, {"model": "squadServices.navuserrelation", "pk": 273, "fields": {"userType": "SUPPORT", "navigateId": 70, "read": true, "write": false, "delete": false, "put": false}}, {"model": "squadServices.navuserrelation", "pk": 274, "fields": {"userType": "NOC", "navigateId": 70, "read": true, "write": false, "delete": false, "put": false}}, {"model": "squadServices.navuserrelation", "pk": 275, "fields": {"userType": "RATE", "navigateId": 70, "read": true, "write": false, "delete": false, "put": false}}, {"model": "squadServices.navuserrelation", "pk": 276, "fields": {"userType": "FINANCE", "navigateId": 70, "read": true, "write": false, "delete": false, "put": false}}, {"model": "squadServices.navuserrelation", "pk": 277, "fields": {"userType": "ADMIN", "navigateId": 71, "read": true, "write": true, "delete": true, "put": true}}, {"model": "squadServices.navuserrelation", "pk": 278, "fields": {"userType": "SALES", "navigateId": 71, "read": true, "write": false, "delete": false, "put": false}}, {"model": "squadServices.navuserrelation", "pk": 279, "fields": {"userType": "SUPPORT", "navigateId": 71, "read": true, "write": false, "delete": false, "put": false}}, {"model": "squadServices.navuserrelation", "pk": 280, "fields": {"userType": "NOC", "navigateId": 71, "read": true, "write": false, "delete": false, "put": false}}, {"model": "squadServices.navuserrelation", "pk": 281, "fields": {"userType": "RATE", "navigateId": 71, "read": true, "write": false, "delete": false, "put": false}}, {"model": "squadServices.navuserrelation", "pk": 282, "fields": {"userType": "FINANCE", "navigateId": 71, "read": true, "write": false, "delete": false, "put": false}}, {"model": "squadServices.navuserrelation", "pk": 283, "fields": {"userType": "ADMIN", "navigateId": 72, "read": true, "write": true, "delete": true, "put": true}}, {"model": "squadServices.navuserrelation", "pk": 284, "fields": {"userType": "SALES", "navigateId": 72, "read": true, "write": false, "delete": false, "put": false}}, {"model": "squadServices.navuserrelation", "pk": 285, "fields": {"userType": "SUPPORT", "navigateId": 72, "read": true, "write": false, "delete": false, "put": false}}, {"model": "squadServices.navuserrelation", "pk": 286, "fields": {"userType": "NOC", "navigateId": 72, "read": true, "write": false, "delete": false, "put": false}}, {"model": "squadServices.navuserrelation", "pk": 287, "fields": {"userType": "RATE", "navigateId": 72, "read": true, "write": false, "delete": false, "put": false}}, {"model": "squadServices.navuserrelation", "pk": 288, "fields": {"userType": "FINANCE", "navigateId": 72, "read": true, "write": false, "delete": false, "put": false}}, {"model": "squadServices.navuserrelation", "pk": 289, "fields": {"userType": "ADMIN", "navigateId": 73, "read": true, "write": true, "delete": true, "put": true}}, {"model": "squadServices.navuserrelation", "pk": 290, "fields": {"userType": "SALES", "navigateId": 73, "read": true, "write": false, "delete": false, "put": false}}, {"model": "squadServices.navuserrelation", "pk": 291, "fields": {"userType": "SUPPORT", "navigateId": 73, "read": true, "write": false, "delete": false, "put": false}}, {"model": "squadServices.navuserrelation", "pk": 292, "fields": {"userType": "NOC", "navigateId": 73, "read": true, "write": false, "delete": false, "put": false}}, {"model": "squadServices.navuserrelation", "pk": 293, "fields": {"userType": "RATE", "navigateId": 73, "read": true, "write": false, "delete": false, "put": false}}, {"model": "squadServices.navuserrelation", "pk": 294, "fields": {"userType": "FINANCE", "navigateId": 73, "read": true, "write": false, "delete": false, "put": false}}, {"model": "squadServices.navuserrelation", "pk": 295, "fields": {"userType": "ADMIN", "navigateId": 74, "read": true, "write": true, "delete": true, "put": true}}, {"model": "squadServices.navuserrelation", "pk": 296, "fields": {"userType": "SALES", "navigateId": 74, "read": true, "write": false, "delete": false, "put": false}}, {"model": "squadServices.navuserrelation", "pk": 297, "fields": {"userType": "SUPPORT", "navigateId": 74, "read": true, "write": false, "delete": false, "put": false}}, {"model": "squadServices.navuserrelation", "pk": 298, "fields": {"userType": "NOC", "navigateId": 74, "read": true, "write": false, "delete": false, "put": false}}, {"model": "squadServices.navuserrelation", "pk": 299, "fields": {"userType": "RATE", "navigateId": 74, "read": true, "write": false, "delete": false, "put": false}}, {"model": "squadServices.navuserrelation", "pk": 300, "fields": {"userType": "FINANCE", "navigateId": 74, "read": true, "write": false, "delete": false, "put": false}}, {"model": "squadServices.navuserrelation", "pk": 319, "fields": {"userType": "ADMIN", "navigateId": 78, "read": true, "write": true, "delete": true, "put": true}}, {"model": "squadServices.navuserrelation", "pk": 320, "fields": {"userType": "SALES", "navigateId": 78, "read": true, "write": false, "delete": false, "put": false}}, {"model": "squadServices.navuserrelation", "pk": 321, "fields": {"userType": "SUPPORT", "navigateId": 78, "read": true, "write": false, "delete": false, "put": false}}, {"model": "squadServices.navuserrelation", "pk": 322, "fields": {"userType": "NOC", "navigateId": 78, "read": true, "write": false, "delete": false, "put": false}}, {"model": "squadServices.navuserrelation", "pk": 323, "fields": {"userType": "RATE", "navigateId": 78, "read": true, "write": false, "delete": false, "put": false}}, {"model": "squadServices.navuserrelation", "pk": 324, "fields": {"userType": "FINANCE", "navigateId": 78, "read": true, "write": false, "delete": false, "put": false}}, {"model": "squadServices.navuserrelation", "pk": 325, "fields": {"userType": "ADMIN", "navigateId": 79, "read": true, "write": true, "delete": true, "put": true}}, {"model": "squadServices.navuserrelation", "pk": 326, "fields": {"userType": "SALES", "navigateId": 79, "read": true, "write": false, "delete": false, "put": false}}, {"model": "squadServices.navuserrelation", "pk": 327, "fields": {"userType": "SUPPORT", "navigateId": 79, "read": true, "write": false, "delete": false, "put": false}}, {"model": "squadServices.navuserrelation", "pk": 328, "fields": {"userType": "NOC", "navigateId": 79, "read": true, "write": false, "delete": false, "put": false}}, {"model": "squadServices.navuserrelation", "pk": 329, "fields": {"userType": "RATE", "navigateId": 79, "read": true, "write": false, "delete": false, "put": false}}, {"model": "squadServices.navuserrelation", "pk": 330, "fields": {"userType": "FINANCE", "navigateId": 79, "read": true, "write": false, "delete": false, "put": false}}, {"model": "squadServices.navuserrelation", "pk": 331, "fields": {"userType": "ADMIN", "navigateId": 80, "read": true, "write": true, "delete": true, "put": true}}, {"model": "squadServices.navuserrelation", "pk": 332, "fields": {"userType": "SALES", "navigateId": 80, "read": true, "write": false, "delete": false, "put": false}}, {"model": "squadServices.navuserrelation", "pk": 333, "fields": {"userType": "SUPPORT", "navigateId": 80, "read": true, "write": false, "delete": false, "put": false}}, {"model": "squadServices.navuserrelation", "pk": 334, "fields": {"userType": "NOC", "navigateId": 80, "read": true, "write": false, "delete": false, "put": false}}, {"model": "squadServices.navuserrelation", "pk": 335, "fields": {"userType": "RATE", "navigateId": 80, "read": true, "write": false, "delete": false, "put": false}}, {"model": "squadServices.navuserrelation", "pk": 336, "fields": {"userType": "FINANCE", "navigateId": 80, "read": true, "write": false, "delete": false, "put": false}}, {"model": "squadServices.navuserrelation", "pk": 337, "fields": {"userType": "ADMIN", "navigateId": 81, "read": true, "write": true, "delete": true, "put": true}}, {"model": "squadServices.navuserrelation", "pk": 338, "fields": {"userType": "SALES", "navigateId": 81, "read": true, "write": false, "delete": false, "put": false}}, {"model": "squadServices.navuserrelation", "pk": 339, "fields": {"userType": "SUPPORT", "navigateId": 81, "read": true, "write": false, "delete": false, "put": false}}, {"model": "squadServices.navuserrelation", "pk": 340, "fields": {"userType": "NOC", "navigateId": 81, "read": true, "write": false, "delete": false, "put": false}}, {"model": "squadServices.navuserrelation", "pk": 341, "fields": {"userType": "RATE", "navigateId": 81, "read": true, "write": false, "delete": false, "put": false}}, {"model": "squadServices.navuserrelation", "pk": 342, "fields": {"userType": "FINANCE", "navigateId": 81, "read": true, "write": false, "delete": false, "put": false}}, {"model": "squadServices.navuserrelation", "pk": 343, "fields": {"userType": "ADMIN", "navigateId": 82, "read": true, "write": true, "delete": true, "put": true}}, {"model": "squadServices.navuserrelation", "pk": 344, "fields": {"userType": "SALES", "navigateId": 82, "read": true, "write": false, "delete": false, "put": false}}, {"model": "squadServices.navuserrelation", "pk": 345, "fields": {"userType": "SUPPORT", "navigateId": 82, "read": true, "write": false, "delete": false, "put": false}}, {"model": "squadServices.navuserrelation", "pk": 346, "fields": {"userType": "NOC", "navigateId": 82, "read": true, "write": false, "delete": false, "put": false}}, {"model": "squadServices.navuserrelation", "pk": 347, "fields": {"userType": "RATE", "navigateId": 82, "read": true, "write": false, "delete": false, "put": false}}, {"model": "squadServices.navuserrelation", "pk": 348, "fields": {"userType": "FINANCE", "navigateId": 82, "read": true, "write": false, "delete": false, "put": false}}, {"model": "squadServices.template", "pk": 1, "fields": {"name": "test", "content": "<p>sdfasdfASD</p>", "isDeleted": false, "createdBy": null, "createdAt": "2025-11-19T11:16:07.386Z", "updatedBy": null, "updatedAt": "2025-11-19T11:16:07.520Z"}}, {"model": "squadServices.template", "pk": 3, "fields": {"name": "hero", "content": "", "isDeleted": false, "createdBy": null, "createdAt": "2025-11-19T11:16:07.386Z", "updatedBy": null, "updatedAt": "2025-11-19T11:16:07.520Z"}}, {"model": "squadServices.template", "pk": 4, "fields": {"name": "herooeu", "content": "helosdfkjshdfkjshdkjfhskjdfhsas", "isDeleted": false, "createdBy": null, "createdAt": "2025-11-19T11:16:07.386Z", "updatedBy": null, "updatedAt": "2025-11-19T11:16:07.520Z"}}, {"model": "squadServices.template", "pk": 5, "fields": {"name": "swallowns", "content": "<p>heel</p><p>i am developer</p>", "isDeleted": false, "createdBy": null, "createdAt": "2025-11-19T11:16:07.386Z", "updatedBy": null, "updatedAt": "2025-11-19T11:16:07.520Z"}}, {"model": "squadServices.template", "pk": 6, "fields": {"name": "dummytemplate", "content": "<p>hi hello man</p>", "isDeleted": false, "createdBy": null, "createdAt": "2025-11-19T11:16:07.386Z", "updatedBy": 1, "updatedAt": "2025-11-24T08:30:57.489Z"}}, {"model": "squadServices.template", "pk": 7, "fields": {"name": "aaaaaaaaa", "content": "<p>aaaaaaaaaa</p>", "isDeleted": false, "createdBy": null, "createdAt": "2025-11-19T11:16:07.386Z", "updatedBy": null, "updatedAt": "2025-11-19T11:16:07.520Z"}}, {"model": "squadServices.template", "pk": 13, "fields": {"name": "SD", "content": "<p>SDDS</p>", "isDeleted": false, "createdBy": null, "createdAt": "2025-11-19T11:16:07.386Z", "updatedBy": null, "updatedAt": "2025-11-19T11:16:07.520Z"}}, {"model": "squadServices.template", "pk": 14, "fields": {"name": "SDF", "content": "<p>ASDA</p><p><br></p>", "isDeleted": false, "createdBy": null, "createdAt": "2025-11-19T11:16:07.386Z", "updatedBy": null, "updatedAt": "2025-11-19T11:16:07.520Z"}}, {"model": "squadServices.template", "pk": 15, "fields": {"name": "DSFSDFDSF", "content": "<p>ASDASDASD</p>", "isDeleted": false, "createdBy": null, "createdAt": "2025-11-19T11:16:07.386Z", "updatedBy": null, "updatedAt": "2025-11-19T11:16:07.520Z"}}, {"model": "squadServices.template", "pk": 16, "fields": {"name": "ASDAS", "content": "<p>A</p>", "isDeleted": false, "createdBy": null, "createdAt": "2025-11-19T11:16:07.386Z", "updatedBy": null, "updatedAt": "2025-11-19T11:16:07.520Z"}}, {"model": "squadServices.template", "pk": 17, "fields": {"name": "DASDASD", "content": "<p>SDDASD</p>", "isDeleted": false, "createdBy": null, "createdAt": "2025-11-19T11:16:07.386Z", "updatedBy": null, "updatedAt": "2025-11-19T11:16:07.520Z"}}, {"model": "squadServices.template", "pk": 18, "fields": {"name": "man", "content": "<p>man</p>", "isDeleted": false, "createdBy": 1, "createdAt": "2025-11-24T08:30:46.722Z", "updatedBy": 1, "updatedAt": "2025-11-24T08:30:46.722Z"}}, {"model": "squadServices.campaign", "pk": 43, "fields": {"name": "NPL Package", "objective": "Promotion", "content": "<p>hi heelo, this is npl</p>", "template": 6, "schedule": "2025-11-20T01:00:19Z", "isDeleted": false, "createdBy": 1, "createdAt": "2025-11-20T06:45:19.039Z", "updatedBy": 1, "updatedAt": "2025-11-20T06:45:19.039Z"}}, {"model": "squadServices.campaign", "pk": 44, "fields": {"name": "qwqwer", "objective": "Announcement", "content": "<p>sdfasdfASD</p><p>dummy</p>", "template": 1, "schedule": "2025-11-19T14:00:00Z", "isDeleted": false, "createdBy": 1, "createdAt": "2025-11-20T06:47:10.777Z", "updatedBy": 1, "updatedAt": "2025-11-25T04:22:30.480Z"}}, {"model": "squadServices.campaign", "pk": 45, "fields": {"name": "Winter Package", "objective": "Re-engagement", "content": "<p>hi heelo</p>", "template": 6, "schedule": "2025-11-24T02:42:59Z", "isDeleted": false, "createdBy": 1, "createdAt": "2025-11-24T08:27:59.715Z", "updatedBy": 1, "updatedAt": "2025-11-24T08:27:59.715Z"}}, {"model": "squadServices.campaigncontact", "pk": 193, "fields": {"campaign": 43, "contactNumber": "9840209417"}}, {"model": "squadServices.campaigncontact", "pk": 194, "fields": {"campaign": 43, "contactNumber": "9841983278"}}, {"model": "squadServices.campaigncontact", "pk": 195, "fields": {"campaign": 44, "contactNumber": "9814983278"}}, {"model": "squadServices.emailhost", "pk": 1, "fields": {"owner": 1, "name": "yukesh.maha10@gmail.com", "smtpHost": "smtp.gmail.com", "smtpPort": 465, "smtpUser": "yukesh.maha10@gmail.com", "smtpPassword": "tyuu bria ilpv ryvb", "security": "SSL", "isDeleted": false, "createdBy": null, "createdAt": "2025-11-19T11:16:07.060Z", "updatedBy": null, "updatedAt": "2025-11-19T11:16:07.131Z"}}, {"model": "squadServices.emailhost", "pk": 4, "fields": {"owner": 1, "name": "ujjwal.mrzn@gmail.com", "smtpHost": "smtp.gmail.com", "smtpPort": 465, "smtpUser": "ujjwalmaharjan8080@gmail.com", "smtpPassword": "dlop yklh mgtg pymt", "security": "SSL", "isDeleted": true, "createdBy": 1, "createdAt": "2025-11-19T11:16:07.060Z", "updatedBy": 1, "updatedAt": "2025-11-25T03:54:11.349Z"}}, {"model": "squadServices.emailhost", "pk": 8, "fields": {"owner": 1, "name": "yugenmaharjan@gmail.com", "smtpHost": "smtp.gmail.com", "smtpPort": 587, "smtpUser": "yugenmahsarjan@gmail.com", "smtpPassword": "rsiu srsw tnhz trel", "security": "SSL", "isDeleted": false, "createdBy": null, "createdAt": "2025-11-19T11:16:07.060Z", "updatedBy": null, "updatedAt": "2025-11-19T11:16:07.131Z"}}, {"model": "squadServices.emailhost", "pk": 9, "fields": {"owner": 1, "name": "yugenmaharjan@gmail.com", "smtpHost": "smtp.gmail.com", "smtpPort": 587, "smtpUser": "yugenmahsarjans@gmail.com", "smtpPassword": "rsiu srsw tnhz trel", "security": "SSL", "isDeleted": true, "createdBy": null, "createdAt": "2025-11-19T11:16:07.060Z", "updatedBy": 1, "updatedAt": "2025-11-25T03:54:21.099Z"}}, {"model": "squadServices.emailhost", "pk": 10, "fields": {"owner": 1, "name": "vagozu@mailinator.com", "smtpHost": "Quae sint est sit e", "smtpPort": 4654, "smtpUser": "Labore aut rem non r", "smtpPassword": "Pa$$w0rd!", "security": "TLS", "isDeleted": true, "createdBy": null, "createdAt": "2025-11-19T11:16:07.060Z", "updatedBy": 1, "updatedAt": "2025-11-25T03:54:23.996Z"}}, {"model": "squadServices.emailhost", "pk": 11, "fields": {"owner": 1, "name": "pubyguwox@mailinator.com", "smtpHost": "Sequi facilis sit ea", "smtpPort": 61, "smtpUser": "Irure ad laboris occ", "smtpPassword": "Pa$$w0rd!", "security": "TLS", "isDeleted": true, "createdBy": null, "createdAt": "2025-11-19T11:16:07.060Z", "updatedBy": 1, "updatedAt": "2025-11-24T08:32:25.495Z"}}, {"model": "squadServices.emailhost", "pk": 12, "fields": {"owner": 1, "name": "yugenmaharjan@gmail.com", "smtpHost": "smtp.gmail.com", "smtpPort": 587, "smtpUser": "yugenmahsarjasdfns@gmail.com", "smtpPassword": "rsiu srsw tnhz trel", "security": "SSL", "isDeleted": true, "createdBy": null, "createdAt": "2025-11-19T11:16:07.060Z", "updatedBy": 1, "updatedAt": "2025-11-25T03:54:26.432Z"}}, {"model": "squadServices.emailhost", "pk": 13, "fields": {"owner": 1, "name": "ujjwal@gmail.com", "smtpHost": "smtp.gmail.com", "smtpPort": 587, "smtpUser": "tester", "smtpPassword": "test570)", "security": "TLS", "isDeleted": true, "createdBy": null, "createdAt": "2025-11-19T11:16:07.060Z", "updatedBy": 1, "updatedAt": "2025-11-25T03:54:28.565Z"}}, {"model": "squadServices.emailhost", "pk": 14, "fields": {"owner": 1, "name": "wefeb@mailinator.com", "smtpHost": "Consequuntur molesti", "smtpPort": 58, "smtpUser": "Irure obcaecati quis", "smtpPassword": "Pa$$w0rd!", "security": "TLS", "isDeleted": true, "createdBy": null, "createdAt": "2025-11-19T11:16:07.060Z", "updatedBy": 1, "updatedAt": "2025-11-25T03:54:30.615Z"}}, {"model": "squadServices.emailhost", "pk": 15, "fields": {"owner": 1, "name": "qelo@mailinator.com", "smtpHost": "Dicta in iste", "smtpPort": 2, "smtpUser": "Id eum maiores quis", "smtpPassword": "Pa$$w0rd!", "security": "SSL", "isDeleted": true, "createdBy": null, "createdAt": "2025-11-19T11:16:07.060Z", "updatedBy": 1, "updatedAt": "2025-11-25T03:54:32.313Z"}}, {"model": "squadServices.emailhost", "pk": 16, "fields": {"owner": 1, "name": "woxigi@mailinator.com", "smtpHost": "Harum eos eveniet", "smtpPort": 89, "smtpUser": "Voluptate et eiusmod", "smtpPassword": "Pa$$w0rd!", "security": "TLS", "isDeleted": true, "createdBy": null, "createdAt": "2025-11-19T11:16:07.060Z", "updatedBy": 1, "updatedAt": "2025-11-25T03:54:33.901Z"}}, {"model": "squadServices.emailhost", "pk": 17, "fields": {"owner": 1, "name": "bacac@mailinator.com", "smtpHost": "Nemo quas repellendu", "smtpPort": 80, "smtpUser": "Reiciendis architect", "smtpPassword": "Pa$$w0rd!", "security": "TLS", "isDeleted": true, "createdBy": null, "createdAt": "2025-11-19T11:16:07.060Z", "updatedBy": 1, "updatedAt": "2025-11-25T03:54:35.689Z"}}, {"model": "squadServices.emailhost", "pk": 18, "fields": {"owner": 1, "name": "fifu@mailinator.com", "smtpHost": "Sed nihil id est qui", "smtpPort": 95, "smtpUser": "Culpa modi qui anim", "smtpPassword": "Pa$$w0rd!", "security": "TLS", "isDeleted": true, "createdBy": 1, "createdAt": "2025-11-24T08:32:35.735Z", "updatedBy": 1, "updatedAt": "2025-11-25T03:54:37.792Z"}}, {"model": "squadServices.emailhost", "pk": 19, "fields": {"owner": 1, "name": "Ujjwal 8080", "smtpHost": "smtp.gmail.com", "smtpPort": 465, "smtpUser": "ujjwalmaharjan8080@gmail.com", "smtpPassword": "dlop yklh mgtg pymt", "security": "SSL", "isDeleted": false, "createdBy": 1, "createdAt": "2025-11-25T03:58:56.705Z", "updatedBy": 1, "updatedAt": "2025-11-25T04:07:00.259Z"}}, {"model": "squadServices.emailhost", "pk": 20, "fields": {"owner": 1, "name": "Ujjwal", "smtpHost": "smtp.gmail.com", "smtpPort": 587, "smtpUser": "ujjwalmaharjan8080@gmail.com", "smtpPassword": "dlop yklh mgtg pymt", "security": "SSL", "isDeleted": false, "createdBy": 1, "createdAt": "2025-11-25T03:59:46.554Z", "updatedBy": 1, "updatedAt": "2025-11-25T04:03:58.982Z"}}, {"model": "squadServices.emailtemplate", "pk": 1, "fields": {"name": "Test", "content": "<p>asdasd<strong>asdasdas</strong></p>", "isDeleted": false, "createdBy": null, "createdAt": "2025-11-19T11:16:07.164Z", "updatedBy": 1, "updatedAt": "2025-11-20T05:22:02.032Z"}}, {"model": "squadServices.emailtemplate", "pk": 3, "fields": {"name": "sadas", "content": "<p>ramai</p>", "isDeleted": false, "createdBy": null, "createdAt": "2025-11-19T11:16:07.164Z", "updatedBy": 1, "updatedAt": "2025-11-24T08:31:18.281Z"}}, {"model": "squadServices.emailtemplate", "pk": 4, "fields": {"name": "asdasdd", "content": "<p><em>sasdasdasdasdas</em></p>", "isDeleted": true, "createdBy": 1, "createdAt": "2025-11-20T05:22:17.065Z", "updatedBy": 1, "updatedAt": "2025-11-24T08:31:41.307Z"}}, {"model": "squadServices.emailtemplate", "pk": 5, "fields": {"name": "Sako", "content": "<p>kasa<strong><span class=\"ql-cursor\">﻿</span></strong></p>", "isDeleted": false, "createdBy": 1, "createdAt": "2025-11-24T08:31:36.847Z", "updatedBy": 1, "updatedAt": "2025-11-24T08:31:36.847Z"}}, {"model": "squadServices.emailtemplate", "pk": 6, "fields": {"name": "Welcome Mail", "content": "<p>Hello Boss,</p><p>How are you. </p>", "isDeleted": false, "createdBy": 1, "createdAt": "2025-11-25T03:29:08.553Z", "updatedBy": 1, "updatedAt": "2025-11-25T03:29:08.554Z"}}, {"model": "squadServices.country", "pk": 1, "fields": {"name": "India", "countryCode": "6099", "MCC": 989, "isDeleted": true, "createdBy": null, "createdAt": "2025-11-18T04:49:26.808Z", "updatedBy": 1, "updatedAt": "2025-11-18T07:34:18.199Z"}}, {"model": "squadServices.country", "pk": 2, "fields": {"name": "Nepal", "countryCode": "4030", "MCC": 89, "isDeleted": true, "createdBy": null, "createdAt": "2025-11-18T04:50:09.212Z", "updatedBy": 1, "updatedAt": "2025-11-18T06:21:34.627Z"}}, {"model": "squadServices.country", "pk": 3, "fields": {"name": "USA", "countryCode": "401", "MCC": 1189, "isDeleted": false, "createdBy": 1, "createdAt": "2025-11-18T06:44:13.886Z", "updatedBy": 1, "updatedAt": "2025-11-18T06:45:28.881Z"}}, {"model": "squadServices.country", "pk": 4, "fields": {"name": "BHUTAN", "countryCode": "5215", "MCC": 477, "isDeleted": false, "createdBy": 1, "createdAt": "2025-11-18T06:46:18.356Z", "updatedBy": 1, "updatedAt": "2025-11-18T06:46:18.356Z"}}, {"model": "squadServices.country", "pk": 6, "fields": {"name": "Nepal", "countryCode": "465456", "MCC": 456465, "isDeleted": true, "createdBy": 1, "createdAt": "2025-11-18T06:58:47.989Z", "updatedBy": 1, "updatedAt": "2025-11-18T07:37:10.208Z"}}, {"model": "squadServices.country", "pk": 7, "fields": {"name": "INDIA", "countryCode": "IND", "MCC": 4004, "isDeleted": false, "createdBy": 1, "createdAt": "2025-11-18T07:17:24.445Z", "updatedBy": 1, "updatedAt": "2025-11-24T08:46:22.137Z"}}, {"model": "squadServices.country", "pk": 8, "fields": {"name": "JAPAN", "countryCode": "1234", "MCC": 123, "isDeleted": false, "createdBy": 1, "createdAt": "2025-11-18T07:28:29.935Z", "updatedBy": 1, "updatedAt": "2025-11-18T07:34:14.713Z"}}, {"model": "squadServices.country", "pk": 9, "fields": {"name": "NEPAL", "countryCode": "NP", "MCC": 977, "isDeleted": false, "createdBy": 1, "createdAt": "2025-11-18T07:37:25.767Z", "updatedBy": 1, "updatedAt": "2025-11-18T07:37:25.767Z"}}, {"model": "squadServices.country", "pk": 10, "fields": {"name": "CANADA", "countryCode": "CAN", "MCC": 555, "isDeleted": true, "createdBy": 1, "createdAt": "2025-11-19T11:19:02.127Z", "updatedBy": 1, "updatedAt": "2025-11-20T04:30:04.322Z"}}, {"model": "squadServices.country", "pk": 11, "fields": {"name": "KOREA", "countryCode": "KOR", "MCC": 747, "isDeleted": false, "createdBy": 1, "createdAt": "2025-11-20T06:57:37.905Z", "updatedBy": 1, "updatedAt": "2025-11-20T06:57:37.905Z"}}, {"model": "squadServices.country", "pk": 12, "fields": {"name": "RUSSIA", "countryCode": "RUS", "MCC": 7893, "isDeleted": false, "createdBy": 1, "createdAt": "2025-11-24T08:46:06.581Z", "updatedBy": 1, "updatedAt": "2025-11-24T08:46:06.581Z"}}, {"model": "squadServices.state", "pk": 1, "fields": {"country": 2, "name": "Kathmandu", "isDeleted": false, "createdBy": 1, "createdAt": "2025-11-18T06:20:53.596Z", "updatedBy": 1, "updatedAt": "2025-11-19T10:45:14.297Z"}}, {"model": "squadServices.state", "pk": 2, "fields": {"country": 1, "name": "Delhi", "isDeleted": true, "createdBy": 1, "createdAt": "2025-11-18T06:21:26.784Z", "updatedBy": 1, "updatedAt": "2025-11-18T07:22:33.081Z"}}, {"model": "squadServices.state", "pk": 3, "fields": {"country": 7, "name": "Delhi", "isDeleted": false, "createdBy": 1, "createdAt": "2025-11-18T07:22:45.858Z", "updatedBy": 1, "updatedAt": "2025-11-24T08:42:16.125Z"}}, {"model": "squadServices.state", "pk": 4, "fields": {"country": 9, "name": "Lalitpur", "isDeleted": false, "createdBy": 1, "createdAt": "2025-11-19T10:45:39.540Z", "updatedBy": 1, "updatedAt": "2025-11-20T07:16:36.919Z"}}, {"model": "squadServices.state", "pk": 5, "fields": {"country": 1, "name": "KTM", "isDeleted": true, "createdBy": 1, "createdAt": "2025-11-20T04:03:28.751Z", "updatedBy": 1, "updatedAt": "2025-11-20T07:16:28.411Z"}}, {"model": "squadServices.state", "pk": 6, "fields": {"country": 9, "name": "Chitwan", "isDeleted": false, "createdBy": 1, "createdAt": "2025-11-20T07:16:10.856Z", "updatedBy": 1, "updatedAt": "2025-11-20T07:16:20.810Z"}}, {"model": "squadServices.state", "pk": 7, "fields": {"country": 9, "name": "Bhaktapur", "isDeleted": false, "createdBy": 1, "createdAt": "2025-11-20T07:16:49.137Z", "updatedBy": 1, "updatedAt": "2025-11-20T07:17:00.884Z"}}, {"model": "squadServices.state", "pk": 8, "fields": {"country": 8, "name": "Tokyo", "isDeleted": false, "createdBy": 1, "createdAt": "2025-11-24T08:45:18.853Z", "updatedBy": 1, "updatedAt": "2025-11-24T08:45:18.853Z"}}, {"model": "squadServices.currency", "pk": 1, "fields": {"country": 1, "name": "pesa", "isDeleted": true, "createdAt": "2025-11-18T05:38:59.075Z", "updatedAt": "2025-11-18T07:23:58.775Z", "createdBy": 1, "updatedBy": 1}}, {"model": "squadServices.currency", "pk": 3, "fields": {"country": 2, "name": "Rupees", "isDeleted": false, "createdAt": "2025-11-18T06:40:52.359Z", "updatedAt": "2025-11-18T06:40:52.359Z", "createdBy": 1, "updatedBy": 1}}, {"model": "squadServices.currency", "pk": 4, "fields": {"country": 1, "name": "pesa", "isDeleted": true, "createdAt": "2025-11-18T07:25:18.424Z", "updatedAt": "2025-11-24T08:47:44.838Z", "createdBy": 1, "updatedBy": 1}}, {"model": "squadServices.currency", "pk": 5, "fields": {"country": 9, "name": "Nepali Rupees", "isDeleted": false, "createdAt": "2025-11-20T07:47:07.483Z", "updatedAt": "2025-11-20T07:47:07.484Z", "createdBy": 1, "updatedBy": 1}}, {"model": "squadServices.currency", "pk": 6, "fields": {"country": 3, "name": "US Dollar", "isDeleted": false, "createdAt": "2025-11-24T08:47:59.851Z", "updatedAt": "2025-11-24T08:47:59.851Z", "createdBy": 1, "updatedBy": 1}}, {"model": "squadServices.entity", "pk": 1, "fields": {"name": "India", "isDeleted": true, "createdAt": "2025-11-18T07:33:31.587Z", "updatedAt": "2025-11-18T07:34:51.233Z", "createdBy": 1, "updatedBy": 1}}, {"model": "squadServices.entity", "pk": 2, "fields": {"name": "Podamibe", "isDeleted": false, "createdAt": "2025-11-18T07:35:19.720Z", "updatedAt": "2025-11-24T08:48:13.068Z", "createdBy": 1, "updatedBy": 1}}, {"model": "squadServices.entity", "pk": 3, "fields": {"name": "india", "isDeleted": true, "createdAt": "2025-11-18T07:35:35.469Z", "updatedAt": "2025-11-24T08:48:19.467Z", "createdBy": 1, "updatedBy": 1}}, {"model": "squadServices.entity", "pk": 4, "fields": {"name": "Podamibe Nepal Pvt. Ltd.", "isDeleted": false, "createdAt": "2025-11-20T08:26:59.153Z", "updatedAt": "2025-11-20T08:26:59.154Z", "createdBy": 1, "updatedBy": 1}}, {"model": "squadServices.timezone", "pk": 1, "fields": {"name": "Kathmandu", "isDeleted": true, "createdAt": "2025-11-18T07:47:49.825Z", "updatedAt": "2025-11-18T07:48:04.148Z", "createdBy": 1, "updatedBy": 1}}, {"model": "squadServices.timezone", "pk": 2, "fields": {"name": "Kathmandu", "isDeleted": false, "createdAt": "2025-11-18T07:48:08.334Z", "updatedAt": "2025-11-18T07:48:08.334Z", "createdBy": 1, "updatedBy": 1}}, {"model": "squadServices.timezone", "pk": 3, "fields": {"name": "Delhi", "isDeleted": false, "createdAt": "2025-11-18T07:48:18.538Z", "updatedAt": "2025-11-18T07:48:18.538Z", "createdBy": 1, "updatedBy": 1}}, {"model": "squadServices.timezone", "pk": 4, "fields": {"name": "Everest", "isDeleted": true, "createdAt": "2025-11-20T10:12:08.381Z", "updatedAt": "2025-11-20T10:13:45.000Z", "createdBy": 1, "updatedBy": 1}}, {"model": "squadServices.timezone", "pk": 5, "fields": {"name": "Tokyo", "isDeleted": false, "createdAt": "2025-11-24T08:48:32.800Z", "updatedAt": "2025-11-24T08:48:32.800Z", "createdBy": 1, "updatedBy": 1}}, {"model": "squadServices.companycategory", "pk": 1, "fields": {"name": "Sports", "isDeleted": false, "createdBy": 1, "createdAt": "2025-11-18T08:20:49.324Z", "updatedBy": 1, "updatedAt": "2025-11-18T08:20:49.324Z"}}, {"model": "squadServices.companycategory", "pk": 2, "fields": {"name": "Film", "isDeleted": false, "createdBy": 1, "createdAt": "2025-11-20T08:58:33.212Z", "updatedBy": 1, "updatedAt": "2025-11-20T08:58:33.212Z"}}, {"model": "squadServices.companycategory", "pk": 3, "fields": {"name": "Food", "isDeleted": false, "createdBy": 1, "createdAt": "2025-11-20T08:58:51.343Z", "updatedBy": 1, "updatedAt": "2025-11-20T08:58:51.343Z"}}, {"model": "squadServices.companycategory", "pk": 4, "fields": {"name": "Manufacturing", "isDeleted": false, "createdBy": 1, "createdAt": "2025-11-24T08:48:43.663Z", "updatedBy": 1, "updatedAt": "2025-11-24T08:48:48.108Z"}}, {"model": "squadServices.companystatus", "pk": 1, "fields": {"name": "Active", "isDeleted": true, "createdBy": 1, "createdAt": "2025-11-18T09:37:49.643Z", "updatedBy": 1, "updatedAt": "2025-11-18T09:39:27.741Z"}}, {"model": "squadServices.companystatus", "pk": 4, "fields": {"name": "Active", "isDeleted": false, "createdBy": 1, "createdAt": "2025-11-18T09:39:32.885Z", "updatedBy": 1, "updatedAt": "2025-11-18T09:39:32.885Z"}}, {"model": "squadServices.companystatus", "pk": 8, "fields": {"name": "Inactive", "isDeleted": false, "createdBy": 1, "createdAt": "2025-11-24T08:49:01.190Z", "updatedBy": 1, "updatedAt": "2025-11-24T08:49:01.190Z"}}, {"model": "squadServices.companystatus", "pk": 9, "fields": {"name": "Closed", "isDeleted": false, "createdBy": 1, "createdAt": "2025-11-24T08:49:05.273Z", "updatedBy": 1, "updatedAt": "2025-11-24T08:49:05.273Z"}}, {"model": "squadServices.companystatus", "pk": 10, "fields": {"name": "Registered", "isDeleted": false, "createdBy": 1, "createdAt": "2025-11-24T08:49:13.800Z", "updatedBy": 1, "updatedAt": "2025-11-24T08:49:13.800Z"}}, {"model": "squadServices.companystatus", "pk": 11, "fields": {"name": "Unregistered", "isDeleted": false, "createdBy": 1, "createdAt": "2025-11-24T08:49:20.425Z", "updatedBy": 1, "updatedAt": "2025-11-24T08:49:20.425Z"}}, {"model": "squadServices.company", "pk": 1, "fields": {"name": "Example Company", "shortName": "ExCo", "phone": "1234567890", "companyEmail": "info@example.com", "supportEmail": "support@example.com", "billingEmail": "billing@example.com", "ratesEmail": "rates@example.com", "lowBalanceAlertEmail": "alert@example.com", "country": 1, "state": 1, "category": 1, "status": 1, "currency": 1, "timeZone": 1, "businessEntity": 1, "customerCreditLimit": "10000.0000", "vendorCreditLimit": "5000.0000", "balanceAlertAmount": "100.0000", "referencNumber": "REF123456", "vatNumber": "VAT123456", "address": "123 Example Street, City, Country", "validityPeriod": "UNL", "defaultEmail": "CMP", "onlinePayment": true, "companyBlocked": false, "allowWhiteListedCards": false, "sendDailyReports": true, "allowNetting": false, "showHlrApi": false, "enableVendorPanel": false, "isDeleted": true, "createdBy": 1, "createdAt": "2025-11-18T11:47:36.833Z", "updatedBy": 1, "updatedAt": "2025-11-21T07:29:22.189Z"}}, {"model": "squadServices.company", "pk": 2, "fields": {"name": "Gecko Works Nepal", "shortName": "GECKO", "phone": "9840209417", "companyEmail": "info@geckoworksnepal.com", "supportEmail": "support@geckoworksnepal.com", "billingEmail": "billing@geckoworksnepal.com", "ratesEmail": "rates@geckoworksnepal.com", "lowBalanceAlertEmail": "finance@geckoworksnepal.com", "country": 9, "state": 1, "category": 4, "status": 10, "currency": 6, "timeZone": 2, "businessEntity": 2, "customerCreditLimit": "5000.0000", "vendorCreditLimit": "10000.0000", "balanceAlertAmount": "500.0000", "referencNumber": "GEk-123-123", "vatNumber": "VAT123", "address": "Bhotebahal, Kathmandu", "validityPeriod": "UNL", "defaultEmail": "CMP", "onlinePayment": true, "companyBlocked": false, "allowWhiteListedCards": false, "sendDailyReports": false, "allowNetting": false, "showHlrApi": false, "enableVendorPanel": false, "isDeleted": false, "createdBy": 1, "createdAt": "2025-11-21T06:47:18.770Z", "updatedBy": 1, "updatedAt": "2025-11-24T08:50:44.227Z"}}, {"model": "squadServices.company", "pk": 3, "fields": {"name": "Snow and Castro Inc", "shortName": "Denise Peters", "phone": "+1 (212) 976-4869", "companyEmail": "zybarybaw@mailinator.com", "supportEmail": "tykocac@mailinator.com", "billingEmail": "hufixac@mailinator.com", "ratesEmail": "bamaxoniz@mailinator.com", "lowBalanceAlertEmail": "jyna@mailinator.com", "country": 4, "state": 3, "category": 1, "status": 4, "currency": 5, "timeZone": 2, "businessEntity": 2, "customerCreditLimit": "44.0000", "vendorCreditLimit": "71.0000", "balanceAlertAmount": "1.0000", "referencNumber": "257", "vatNumber": "334", "address": "Pariatur Consequatu", "validityPeriod": "LTD", "defaultEmail": "CMP", "onlinePayment": true, "companyBlocked": false, "allowWhiteListedCards": true, "sendDailyReports": true, "allowNetting": true, "showHlrApi": true, "enableVendorPanel": false, "isDeleted": false, "createdBy": 1, "createdAt": "2025-11-21T06:48:07.290Z", "updatedBy": 1, "updatedAt": "2025-11-21T06:48:07.290Z"}}, {"model": "squadServices.company", "pk": 4, "fields": {"name": "Nguyen Tillman LLC", "shortName": "Herrod Snow", "phone": "+1 (673) 553-4297", "companyEmail": "xuzuzaryja@mailinator.com", "supportEmail": "hegokyk@mailinator.com", "billingEmail": "qofadyqemy@mailinator.com", "ratesEmail": "turesis@mailinator.com", "lowBalanceAlertEmail": "pobojyt@mailinator.com", "country": 4, "state": 3, "category": 2, "status": 4, "currency": 4, "timeZone": 3, "businessEntity": 4, "customerCreditLimit": "3.0000", "vendorCreditLimit": "24.0000", "balanceAlertAmount": "19.0000", "referencNumber": "212", "vatNumber": "911", "address": "Velit ullamco conse", "validityPeriod": "LTD", "defaultEmail": "CMP", "onlinePayment": false, "companyBlocked": false, "allowWhiteListedCards": false, "sendDailyReports": false, "allowNetting": true, "showHlrApi": true, "enableVendorPanel": false, "isDeleted": false, "createdBy": 1, "createdAt": "2025-11-21T07:24:07.118Z", "updatedBy": 1, "updatedAt": "2025-11-21T07:24:07.118Z"}}, {"model": "squadServices.connectivity", "pk": 1, "fields": {"smppHost": "smpp.host.com", "smppPort": 587, "systemID": "80803", "password": "45678", "bindMode": "TRANSMITTER", "sourceTON": 32323, "destTON": 32343, "sourceNPI": 23232, "destNPI": 3323, "isDeleted": false, "createdBy": 1, "createdAt": "2025-11-25T03:54:48.853Z", "updatedBy": 1, "updatedAt": "2025-11-25T05:34:11.282Z"}}, {"model": "squadServices.connectivity", "pk": 2, "fields": {"smppHost": "smpp.host.com", "smppPort": 2775, "systemID": "8080", "password": "123456789", "bindMode": "TRANSMITTER", "sourceTON": 5, "destTON": 3, "sourceNPI": 2, "destNPI": 1, "isDeleted": false, "createdBy": 1, "createdAt": "2025-11-25T04:44:41.185Z", "updatedBy": 1, "updatedAt": "2025-11-25T04:44:41.185Z"}}, {"model": "squadServices.connectivity", "pk": 3, "fields": {"smppHost": "dashain", "smppPort": 587, "systemID": "tihar", "password": "daash", "bindMode": "TRANSMITTER", "sourceTON": 32323, "destTON": 32343, "sourceNPI": 23232, "destNPI": 3323, "isDeleted": false, "createdBy": 1, "createdAt": "2025-11-25T05:46:58.339Z", "updatedBy": 1, "updatedAt": "2025-11-25T05:46:58.339Z"}}, {"model": "squadServices.connectivity", "pk": 4, "fields": {"smppHost": "asd", "smppPort": 54, "systemID": "csad", "password": "asdas", "bindMode": "TRANSMITTER", "sourceTON": 0, "destTON": 0, "sourceNPI": 0, "destNPI": 0, "isDeleted": true, "createdBy": 1, "createdAt": "2025-11-25T06:19:17.042Z", "updatedBy": 1, "updatedAt": "2025-11-25T07:54:50.507Z"}}, {"model": "squadServices.connectivity", "pk": 5, "fields": {"smppHost": "Est aut et nisi eos", "smppPort": 58, "systemID": "Voluptates consequun", "password": "Pa$$w0rd!", "bindMode": "RECEIVER", "sourceTON": 95, "destTON": 92, "sourceNPI": 9, "destNPI": 32, "isDeleted": false, "createdBy": 1, "createdAt": "2025-11-25T07:54:45.897Z", "updatedBy": 1, "updatedAt": "2025-11-25T07:54:45.898Z"}}, {"model": "squadServices.vendor", "pk": 1, "fields": {"company": 2, "profileName": "Basket", "connectionType": "HTTP", "isDeleted": false, "createdBy": 1, "createdAt": "2025-11-25T06:42:26.785Z", "updatedBy": 1, "updatedAt": "2025-11-25T06:42:26.785Z"}}, {"model": "squadServices.vendor", "pk": 2, "fields": {"company": 3, "profileName": "Disney", "connectionType": "SMPP", "isDeleted": false, "createdBy": 1, "createdAt": "2025-11-25T06:43:26.393Z", "updatedBy": 1, "updatedAt": "2025-11-25T06:43:26.393Z"}}, {"model": "squadServices.vendor", "pk": 3, "fields": {"company": 2, "profileName": "Finds", "connectionType": "SMPP", "isDeleted": false, "createdBy": 1, "createdAt": "2025-11-25T06:44:53.948Z", "updatedBy": 1, "updatedAt": "2025-11-25T06:44:53.948Z"}}, {"model": "squadServices.vendor", "pk": 4, "fields": {"company": 2, "profileName": "A", "connectionType": "SMPP", "isDeleted": true, "createdBy": 1, "createdAt": "2025-11-25T06:45:43.700Z", "updatedBy": 1, "updatedAt": "2025-11-25T06:45:46.836Z"}}, {"model": "admin.logentry", "pk": 1, "fields": {"action_time": "2025-11-01T09:42:15.401Z", "user": 1, "content_type": 8, "object_id": "1", "object_repr": "Dashboard", "action_flag": 2, "change_message": "[{\"changed\": {\"fields\": [\"Label\", \"Url\"]}}]"}}, {"model": "admin.logentry", "pk": 2, "fields": {"action_time": "2025-11-01T09:53:23.406Z", "user": 1, "content_type": 8, "object_id": "2", "object_repr": "User", "action_flag": 2, "change_message": "[{\"changed\": {\"fields\": [\"Icon\"]}}]"}}, {"model": "admin.logentry", "pk": 3, "fields": {"action_time": "2025-11-01T11:38:56.747Z", "user": 1, "content_type": 8, "object_id": "2", "object_repr": "User", "action_flag": 2, "change_message": "[{\"changed\": {\"fields\": [\"Url\"]}}]"}}, {"model": "admin.logentry", "pk": 4, "fields": {"action_time": "2025-11-01T12:22:54.402Z", "user": 1, "content_type": 8, "object_id": "1", "object_repr": "Dashboard", "action_flag": 2, "change_message": "[{\"changed\": {\"fields\": [\"Icon\"]}}]"}}, {"model": "admin.logentry", "pk": 5, "fields": {"action_time": "2025-11-01T12:23:19.764Z", "user": 1, "content_type": 8, "object_id": "1", "object_repr": "Dashboard", "action_flag": 2, "change_message": "[{\"changed\": {\"fields\": [\"Icon\"]}}]"}}, {"model": "admin.logentry", "pk": 6, "fields": {"action_time": "2025-11-01T12:53:07.869Z", "user": 1, "content_type": 8, "object_id": "4", "object_repr": "Create Module", "action_flag": 1, "change_message": "[{\"added\": {}}]"}}, {"model": "admin.logentry", "pk": 7, "fields": {"action_time": "2025-11-01T12:55:05.215Z", "user": 1, "content_type": 8, "object_id": "4", "object_repr": "Create Module", "action_flag": 2, "change_message": "[{\"changed\": {\"fields\": [\"Icon\"]}}]"}}, {"model": "admin.logentry", "pk": 8, "fields": {"action_time": "2025-11-01T12:56:04.740Z", "user": 1, "content_type": 8, "object_id": "4", "object_repr": "Create Module", "action_flag": 2, "change_message": "[{\"changed\": {\"fields\": [\"Url\"]}}]"}}, {"model": "admin.logentry", "pk": 9, "fields": {"action_time": "2025-11-01T13:07:41.415Z", "user": 1, "content_type": 8, "object_id": "1", "object_repr": "Dashboard", "action_flag": 2, "change_message": "[{\"changed\": {\"fields\": [\"Url\"]}}]"}}, {"model": "admin.logentry", "pk": 10, "fields": {"action_time": "2025-11-01T13:07:51.274Z", "user": 1, "content_type": 8, "object_id": "3", "object_repr": "DateAndTime", "action_flag": 2, "change_message": "[{\"changed\": {\"fields\": [\"Url\"]}}]"}}, {"model": "admin.logentry", "pk": 11, "fields": {"action_time": "2025-11-02T08:29:47.248Z", "user": 1, "content_type": 8, "object_id": "3", "object_repr": "DateAndTime", "action_flag": 2, "change_message": "[{\"changed\": {\"fields\": [\"Url\"]}}]"}}, {"model": "admin.logentry", "pk": 12, "fields": {"action_time": "2025-11-02T09:57:29.135Z", "user": 1, "content_type": 8, "object_id": "6", "object_repr": "Dark Mode", "action_flag": 1, "change_message": "[{\"added\": {}}]"}}, {"model": "admin.logentry", "pk": 13, "fields": {"action_time": "2025-11-02T12:45:24.737Z", "user": 1, "content_type": 8, "object_id": "8", "object_repr": "Setting", "action_flag": 3, "change_message": ""}}, {"model": "admin.logentry", "pk": 14, "fields": {"action_time": "2025-11-02T12:45:24.738Z", "user": 1, "content_type": 8, "object_id": "7", "object_repr": "Setting", "action_flag": 3, "change_message": ""}}, {"model": "admin.logentry", "pk": 15, "fields": {"action_time": "2025-11-02T15:45:43.664Z", "user": 1, "content_type": 7, "object_id": "1", "object_repr": "sweta", "action_flag": 2, "change_message": "[{\"changed\": {\"fields\": [\"UserType\"]}}]"}}, {"model": "admin.logentry", "pk": 16, "fields": {"action_time": "2025-11-02T15:46:59.044Z", "user": 1, "content_type": 7, "object_id": "2", "object_repr": "shree", "action_flag": 2, "change_message": "[{\"changed\": {\"fields\": [\"UserType\"]}}]"}}, {"model": "admin.logentry", "pk": 17, "fields": {"action_time": "2025-11-02T15:47:05.721Z", "user": 1, "content_type": 7, "object_id": "3", "object_repr": "dhakal", "action_flag": 2, "change_message": "[{\"changed\": {\"fields\": [\"UserType\"]}}]"}}, {"model": "admin.logentry", "pk": 18, "fields": {"action_time": "2025-11-02T15:47:31.958Z", "user": 1, "content_type": 7, "object_id": "4", "object_repr": "tester", "action_flag": 2, "change_message": "[{\"changed\": {\"fields\": [\"UserType\"]}}]"}}, {"model": "admin.logentry", "pk": 19, "fields": {"action_time": "2025-11-02T17:26:07.494Z", "user": 1, "content_type": 9, "object_id": "7", "object_repr": "ADMIN", "action_flag": 2, "change_message": "[{\"changed\": {\"fields\": [\"Read\"]}}]"}}, {"model": "admin.logentry", "pk": 20, "fields": {"action_time": "2025-11-02T17:26:25.389Z", "user": 1, "content_type": 9, "object_id": "6", "object_repr": "ADMIN", "action_flag": 2, "change_message": "[{\"changed\": {\"fields\": [\"Read\"]}}]"}}, {"model": "admin.logentry", "pk": 21, "fields": {"action_time": "2025-11-02T18:03:33.129Z", "user": 1, "content_type": 9, "object_id": "4", "object_repr": "ADMIN", "action_flag": 2, "change_message": "[{\"changed\": {\"fields\": [\"Read\"]}}]"}}, {"model": "admin.logentry", "pk": 22, "fields": {"action_time": "2025-11-02T18:19:01.224Z", "user": 1, "content_type": 8, "object_id": "13", "object_repr": "Role", "action_flag": 3, "change_message": ""}}, {"model": "admin.logentry", "pk": 23, "fields": {"action_time": "2025-11-02T18:19:01.224Z", "user": 1, "content_type": 8, "object_id": "12", "object_repr": "Role", "action_flag": 3, "change_message": ""}}, {"model": "admin.logentry", "pk": 24, "fields": {"action_time": "2025-11-02T18:19:01.224Z", "user": 1, "content_type": 8, "object_id": "11", "object_repr": "Role", "action_flag": 3, "change_message": ""}}, {"model": "admin.logentry", "pk": 25, "fields": {"action_time": "2025-11-02T18:50:37.568Z", "user": 1, "content_type": 8, "object_id": "15", "object_repr": "Data", "action_flag": 3, "change_message": ""}}, {"model": "admin.logentry", "pk": 26, "fields": {"action_time": "2025-11-02T19:02:08.802Z", "user": 1, "content_type": 9, "object_id": "43", "object_repr": "ADMIN", "action_flag": 2, "change_message": "[{\"changed\": {\"fields\": [\"Read\"]}}]"}}, {"model": "admin.logentry", "pk": 27, "fields": {"action_time": "2025-11-03T03:51:53.805Z", "user": 1, "content_type": 9, "object_id": "1", "object_repr": "ADMIN", "action_flag": 2, "change_message": "[{\"changed\": {\"fields\": [\"Read\"]}}]"}}, {"model": "admin.logentry", "pk": 28, "fields": {"action_time": "2025-11-03T03:53:19.694Z", "user": 1, "content_type": 9, "object_id": "2", "object_repr": "ADMIN", "action_flag": 2, "change_message": "[{\"changed\": {\"fields\": [\"Read\"]}}]"}}, {"model": "admin.logentry", "pk": 29, "fields": {"action_time": "2025-11-03T03:53:36.618Z", "user": 1, "content_type": 9, "object_id": "49", "object_repr": "ADMIN", "action_flag": 2, "change_message": "[{\"changed\": {\"fields\": [\"Read\"]}}]"}}, {"model": "admin.logentry", "pk": 30, "fields": {"action_time": "2025-11-03T03:53:48.353Z", "user": 1, "content_type": 9, "object_id": "5", "object_repr": "ADMIN", "action_flag": 2, "change_message": "[{\"changed\": {\"fields\": [\"Read\"]}}]"}}, {"model": "admin.logentry", "pk": 31, "fields": {"action_time": "2025-11-03T03:53:54.098Z", "user": 1, "content_type": 9, "object_id": "3", "object_repr": "ADMIN", "action_flag": 2, "change_message": "[{\"changed\": {\"fields\": [\"Read\"]}}]"}}, {"model": "admin.logentry", "pk": 32, "fields": {"action_time": "2025-11-03T04:17:54.705Z", "user": 1, "content_type": 9, "object_id": "55", "object_repr": "ADMIN", "action_flag": 2, "change_message": "[{\"changed\": {\"fields\": [\"Read\"]}}]"}}, {"model": "admin.logentry", "pk": 33, "fields": {"action_time": "2025-11-03T05:04:17.264Z", "user": 1, "content_type": 9, "object_id": "61", "object_repr": "ADMIN", "action_flag": 2, "change_message": "[{\"changed\": {\"fields\": [\"Read\"]}}]"}}, {"model": "admin.logentry", "pk": 34, "fields": {"action_time": "2025-11-03T05:14:36.633Z", "user": 1, "content_type": 9, "object_id": "22", "object_repr": "NOC", "action_flag": 2, "change_message": "[{\"changed\": {\"fields\": [\"Read\"]}}]"}}, {"model": "admin.logentry", "pk": 35, "fields": {"action_time": "2025-11-05T16:33:25.120Z", "user": 1, "content_type": 10, "object_id": "1", "object_repr": "test", "action_flag": 1, "change_message": "[{\"added\": {}}]"}}, {"model": "admin.logentry", "pk": 36, "fields": {"action_time": "2025-11-05T16:51:08.109Z", "user": 1, "content_type": 11, "object_id": "21", "object_repr": "sdfasdf", "action_flag": 3, "change_message": ""}}, {"model": "admin.logentry", "pk": 37, "fields": {"action_time": "2025-11-05T17:40:26.004Z", "user": 1, "content_type": 11, "object_id": "28", "object_repr": "9818147006", "action_flag": 3, "change_message": ""}}, {"model": "admin.logentry", "pk": 38, "fields": {"action_time": "2025-11-05T17:40:26.004Z", "user": 1, "content_type": 11, "object_id": "27", "object_repr": "9816147006", "action_flag": 3, "change_message": ""}}, {"model": "admin.logentry", "pk": 39, "fields": {"action_time": "2025-11-05T17:40:26.004Z", "user": 1, "content_type": 11, "object_id": "26", "object_repr": "9818647006", "action_flag": 3, "change_message": ""}}, {"model": "admin.logentry", "pk": 40, "fields": {"action_time": "2025-11-05T17:40:26.004Z", "user": 1, "content_type": 11, "object_id": "25", "object_repr": "9811147006", "action_flag": 3, "change_message": ""}}, {"model": "admin.logentry", "pk": 41, "fields": {"action_time": "2025-11-05T17:40:26.004Z", "user": 1, "content_type": 11, "object_id": "24", "object_repr": "9828147006", "action_flag": 3, "change_message": ""}}, {"model": "admin.logentry", "pk": 42, "fields": {"action_time": "2025-11-05T17:40:26.004Z", "user": 1, "content_type": 11, "object_id": "23", "object_repr": "9813147006", "action_flag": 3, "change_message": ""}}, {"model": "admin.logentry", "pk": 43, "fields": {"action_time": "2025-11-05T17:40:26.004Z", "user": 1, "content_type": 11, "object_id": "22", "object_repr": "9818147006", "action_flag": 3, "change_message": ""}}, {"model": "admin.logentry", "pk": 44, "fields": {"action_time": "2025-11-05T17:40:26.004Z", "user": 1, "content_type": 11, "object_id": "20", "object_repr": "797987", "action_flag": 3, "change_message": ""}}, {"model": "admin.logentry", "pk": 45, "fields": {"action_time": "2025-11-05T17:40:26.004Z", "user": 1, "content_type": 11, "object_id": "19", "object_repr": "89797879", "action_flag": 3, "change_message": ""}}, {"model": "admin.logentry", "pk": 46, "fields": {"action_time": "2025-11-05T17:40:26.004Z", "user": 1, "content_type": 11, "object_id": "18", "object_repr": "999797", "action_flag": 3, "change_message": ""}}, {"model": "admin.logentry", "pk": 47, "fields": {"action_time": "2025-11-05T17:40:26.004Z", "user": 1, "content_type": 11, "object_id": "17", "object_repr": "68487687", "action_flag": 3, "change_message": ""}}, {"model": "admin.logentry", "pk": 48, "fields": {"action_time": "2025-11-05T17:40:26.004Z", "user": 1, "content_type": 11, "object_id": "16", "object_repr": "64864684684", "action_flag": 3, "change_message": ""}}, {"model": "admin.logentry", "pk": 49, "fields": {"action_time": "2025-11-05T17:40:26.004Z", "user": 1, "content_type": 11, "object_id": "15", "object_repr": "4684684684", "action_flag": 3, "change_message": ""}}, {"model": "admin.logentry", "pk": 50, "fields": {"action_time": "2025-11-05T17:40:26.004Z", "user": 1, "content_type": 11, "object_id": "14", "object_repr": "684684684", "action_flag": 3, "change_message": ""}}, {"model": "admin.logentry", "pk": 51, "fields": {"action_time": "2025-11-05T17:40:26.004Z", "user": 1, "content_type": 11, "object_id": "13", "object_repr": "684864", "action_flag": 3, "change_message": ""}}, {"model": "admin.logentry", "pk": 52, "fields": {"action_time": "2025-11-05T17:40:26.004Z", "user": 1, "content_type": 11, "object_id": "12", "object_repr": "4684684", "action_flag": 3, "change_message": ""}}, {"model": "admin.logentry", "pk": 53, "fields": {"action_time": "2025-11-05T17:40:26.004Z", "user": 1, "content_type": 11, "object_id": "11", "object_repr": "468484684", "action_flag": 3, "change_message": ""}}, {"model": "admin.logentry", "pk": 54, "fields": {"action_time": "2025-11-05T17:40:26.004Z", "user": 1, "content_type": 11, "object_id": "10", "object_repr": "46848486486", "action_flag": 3, "change_message": ""}}, {"model": "admin.logentry", "pk": 55, "fields": {"action_time": "2025-11-05T17:40:26.004Z", "user": 1, "content_type": 11, "object_id": "9", "object_repr": "8768748648", "action_flag": 3, "change_message": ""}}, {"model": "admin.logentry", "pk": 56, "fields": {"action_time": "2025-11-05T17:40:26.004Z", "user": 1, "content_type": 11, "object_id": "8", "object_repr": "684878678", "action_flag": 3, "change_message": ""}}, {"model": "admin.logentry", "pk": 57, "fields": {"action_time": "2025-11-05T17:40:26.004Z", "user": 1, "content_type": 11, "object_id": "7", "object_repr": "486468468", "action_flag": 3, "change_message": ""}}, {"model": "admin.logentry", "pk": 58, "fields": {"action_time": "2025-11-05T17:40:26.004Z", "user": 1, "content_type": 11, "object_id": "6", "object_repr": "84494655", "action_flag": 3, "change_message": ""}}, {"model": "admin.logentry", "pk": 59, "fields": {"action_time": "2025-11-05T17:40:26.004Z", "user": 1, "content_type": 11, "object_id": "5", "object_repr": "64838484", "action_flag": 3, "change_message": ""}}, {"model": "admin.logentry", "pk": 60, "fields": {"action_time": "2025-11-05T17:40:26.005Z", "user": 1, "content_type": 11, "object_id": "4", "object_repr": "68456846", "action_flag": 3, "change_message": ""}}, {"model": "admin.logentry", "pk": 61, "fields": {"action_time": "2025-11-05T17:40:26.005Z", "user": 1, "content_type": 11, "object_id": "3", "object_repr": "68456484", "action_flag": 3, "change_message": ""}}, {"model": "admin.logentry", "pk": 62, "fields": {"action_time": "2025-11-05T17:40:26.005Z", "user": 1, "content_type": 11, "object_id": "2", "object_repr": "987654654", "action_flag": 3, "change_message": ""}}, {"model": "admin.logentry", "pk": 63, "fields": {"action_time": "2025-11-05T17:40:26.005Z", "user": 1, "content_type": 11, "object_id": "1", "object_repr": "contact", "action_flag": 3, "change_message": ""}}, {"model": "admin.logentry", "pk": 64, "fields": {"action_time": "2025-11-07T05:09:31.558Z", "user": 1, "content_type": 12, "object_id": "1", "object_repr": "test", "action_flag": 1, "change_message": "[{\"added\": {}}]"}}, {"model": "admin.logentry", "pk": 65, "fields": {"action_time": "2025-11-07T05:16:29.002Z", "user": 1, "content_type": 10, "object_id": "3", "object_repr": "test", "action_flag": 2, "change_message": "[]"}}, {"model": "admin.logentry", "pk": 66, "fields": {"action_time": "2025-11-07T06:10:52.243Z", "user": 1, "content_type": 10, "object_id": "7", "object_repr": "dummy", "action_flag": 2, "change_message": "[{\"changed\": {\"fields\": [\"Name\"]}}]"}}, {"model": "admin.logentry", "pk": 67, "fields": {"action_time": "2025-11-07T07:03:46.574Z", "user": 1, "content_type": 11, "object_id": "72", "object_repr": "3243243233", "action_flag": 3, "change_message": ""}}, {"model": "admin.logentry", "pk": 68, "fields": {"action_time": "2025-11-07T07:03:46.575Z", "user": 1, "content_type": 11, "object_id": "71", "object_repr": "423221312", "action_flag": 3, "change_message": ""}}, {"model": "admin.logentry", "pk": 69, "fields": {"action_time": "2025-11-07T07:03:46.575Z", "user": 1, "content_type": 11, "object_id": "70", "object_repr": "678383343", "action_flag": 3, "change_message": ""}}, {"model": "admin.logentry", "pk": 70, "fields": {"action_time": "2025-11-07T07:03:46.576Z", "user": 1, "content_type": 11, "object_id": "69", "object_repr": "223235788", "action_flag": 3, "change_message": ""}}, {"model": "admin.logentry", "pk": 71, "fields": {"action_time": "2025-11-07T07:03:46.576Z", "user": 1, "content_type": 11, "object_id": "68", "object_repr": "8974397879", "action_flag": 3, "change_message": ""}}, {"model": "admin.logentry", "pk": 72, "fields": {"action_time": "2025-11-07T07:03:46.576Z", "user": 1, "content_type": 11, "object_id": "67", "object_repr": "7765533335", "action_flag": 3, "change_message": ""}}, {"model": "admin.logentry", "pk": 73, "fields": {"action_time": "2025-11-07T07:03:46.576Z", "user": 1, "content_type": 11, "object_id": "66", "object_repr": "654645343", "action_flag": 3, "change_message": ""}}, {"model": "admin.logentry", "pk": 74, "fields": {"action_time": "2025-11-07T07:03:46.576Z", "user": 1, "content_type": 11, "object_id": "65", "object_repr": "223231111", "action_flag": 3, "change_message": ""}}, {"model": "admin.logentry", "pk": 75, "fields": {"action_time": "2025-11-07T07:03:46.576Z", "user": 1, "content_type": 11, "object_id": "64", "object_repr": "223222222", "action_flag": 3, "change_message": ""}}, {"model": "admin.logentry", "pk": 76, "fields": {"action_time": "2025-11-07T07:03:46.576Z", "user": 1, "content_type": 11, "object_id": "63", "object_repr": "44446666", "action_flag": 3, "change_message": ""}}, {"model": "admin.logentry", "pk": 77, "fields": {"action_time": "2025-11-07T07:03:46.576Z", "user": 1, "content_type": 11, "object_id": "62", "object_repr": "66666444", "action_flag": 3, "change_message": ""}}, {"model": "admin.logentry", "pk": 78, "fields": {"action_time": "2025-11-07T07:03:46.577Z", "user": 1, "content_type": 11, "object_id": "61", "object_repr": "99966666", "action_flag": 3, "change_message": ""}}, {"model": "admin.logentry", "pk": 79, "fields": {"action_time": "2025-11-07T07:03:46.577Z", "user": 1, "content_type": 11, "object_id": "60", "object_repr": "99999999", "action_flag": 3, "change_message": ""}}, {"model": "admin.logentry", "pk": 80, "fields": {"action_time": "2025-11-07T07:03:46.577Z", "user": 1, "content_type": 11, "object_id": "59", "object_repr": "777777777", "action_flag": 3, "change_message": ""}}, {"model": "admin.logentry", "pk": 81, "fields": {"action_time": "2025-11-07T07:03:46.577Z", "user": 1, "content_type": 11, "object_id": "58", "object_repr": "666666666", "action_flag": 3, "change_message": ""}}, {"model": "admin.logentry", "pk": 82, "fields": {"action_time": "2025-11-07T07:03:46.577Z", "user": 1, "content_type": 11, "object_id": "57", "object_repr": "55555555", "action_flag": 3, "change_message": ""}}, {"model": "admin.logentry", "pk": 83, "fields": {"action_time": "2025-11-07T07:03:46.577Z", "user": 1, "content_type": 11, "object_id": "56", "object_repr": "44444444", "action_flag": 3, "change_message": ""}}, {"model": "admin.logentry", "pk": 84, "fields": {"action_time": "2025-11-07T07:03:46.577Z", "user": 1, "content_type": 11, "object_id": "55", "object_repr": "33333333", "action_flag": 3, "change_message": ""}}, {"model": "admin.logentry", "pk": 85, "fields": {"action_time": "2025-11-07T07:03:46.577Z", "user": 1, "content_type": 11, "object_id": "54", "object_repr": "22222222", "action_flag": 3, "change_message": ""}}, {"model": "admin.logentry", "pk": 86, "fields": {"action_time": "2025-11-07T07:03:46.577Z", "user": 1, "content_type": 11, "object_id": "53", "object_repr": "11111111", "action_flag": 3, "change_message": ""}}, {"model": "admin.logentry", "pk": 87, "fields": {"action_time": "2025-11-07T07:03:46.577Z", "user": 1, "content_type": 11, "object_id": "52", "object_repr": "89797879", "action_flag": 3, "change_message": ""}}, {"model": "admin.logentry", "pk": 88, "fields": {"action_time": "2025-11-07T07:03:46.577Z", "user": 1, "content_type": 11, "object_id": "51", "object_repr": "68487687", "action_flag": 3, "change_message": ""}}, {"model": "admin.logentry", "pk": 89, "fields": {"action_time": "2025-11-07T07:03:46.577Z", "user": 1, "content_type": 11, "object_id": "50", "object_repr": "64864684684", "action_flag": 3, "change_message": ""}}, {"model": "admin.logentry", "pk": 90, "fields": {"action_time": "2025-11-07T07:03:46.577Z", "user": 1, "content_type": 11, "object_id": "49", "object_repr": "4684684684", "action_flag": 3, "change_message": ""}}, {"model": "admin.logentry", "pk": 91, "fields": {"action_time": "2025-11-07T07:03:46.577Z", "user": 1, "content_type": 11, "object_id": "48", "object_repr": "4684684", "action_flag": 3, "change_message": ""}}, {"model": "admin.logentry", "pk": 92, "fields": {"action_time": "2025-11-07T07:03:46.577Z", "user": 1, "content_type": 11, "object_id": "47", "object_repr": "468484684", "action_flag": 3, "change_message": ""}}, {"model": "admin.logentry", "pk": 93, "fields": {"action_time": "2025-11-07T07:03:46.577Z", "user": 1, "content_type": 11, "object_id": "46", "object_repr": "46848486486", "action_flag": 3, "change_message": ""}}, {"model": "admin.logentry", "pk": 94, "fields": {"action_time": "2025-11-07T07:03:46.577Z", "user": 1, "content_type": 11, "object_id": "45", "object_repr": "8768748648", "action_flag": 3, "change_message": ""}}, {"model": "admin.logentry", "pk": 95, "fields": {"action_time": "2025-11-07T07:03:46.577Z", "user": 1, "content_type": 11, "object_id": "44", "object_repr": "684878678", "action_flag": 3, "change_message": ""}}, {"model": "admin.logentry", "pk": 96, "fields": {"action_time": "2025-11-07T07:03:46.577Z", "user": 1, "content_type": 11, "object_id": "43", "object_repr": "486468468", "action_flag": 3, "change_message": ""}}, {"model": "admin.logentry", "pk": 97, "fields": {"action_time": "2025-11-07T07:03:46.577Z", "user": 1, "content_type": 11, "object_id": "42", "object_repr": "64838484", "action_flag": 3, "change_message": ""}}, {"model": "admin.logentry", "pk": 98, "fields": {"action_time": "2025-11-07T07:03:46.577Z", "user": 1, "content_type": 11, "object_id": "41", "object_repr": "68456846", "action_flag": 3, "change_message": ""}}, {"model": "admin.logentry", "pk": 99, "fields": {"action_time": "2025-11-07T07:03:46.577Z", "user": 1, "content_type": 11, "object_id": "40", "object_repr": "68456484", "action_flag": 3, "change_message": ""}}, {"model": "admin.logentry", "pk": 100, "fields": {"action_time": "2025-11-07T07:03:46.577Z", "user": 1, "content_type": 11, "object_id": "39", "object_repr": "987654654", "action_flag": 3, "change_message": ""}}, {"model": "admin.logentry", "pk": 101, "fields": {"action_time": "2025-11-07T07:03:46.577Z", "user": 1, "content_type": 11, "object_id": "38", "object_repr": "9818644606", "action_flag": 3, "change_message": ""}}, {"model": "admin.logentry", "pk": 102, "fields": {"action_time": "2025-11-07T07:03:46.577Z", "user": 1, "content_type": 11, "object_id": "37", "object_repr": "9813447006", "action_flag": 3, "change_message": ""}}, {"model": "admin.logentry", "pk": 103, "fields": {"action_time": "2025-11-07T07:03:46.577Z", "user": 1, "content_type": 11, "object_id": "36", "object_repr": "9128147006", "action_flag": 3, "change_message": ""}}, {"model": "admin.logentry", "pk": 104, "fields": {"action_time": "2025-11-07T07:03:46.577Z", "user": 1, "content_type": 11, "object_id": "35", "object_repr": "9813144006", "action_flag": 3, "change_message": ""}}, {"model": "admin.logentry", "pk": 105, "fields": {"action_time": "2025-11-07T07:03:46.577Z", "user": 1, "content_type": 11, "object_id": "34", "object_repr": "9816147006", "action_flag": 3, "change_message": ""}}, {"model": "admin.logentry", "pk": 106, "fields": {"action_time": "2025-11-07T07:03:46.577Z", "user": 1, "content_type": 11, "object_id": "33", "object_repr": "9818647006", "action_flag": 3, "change_message": ""}}, {"model": "admin.logentry", "pk": 107, "fields": {"action_time": "2025-11-07T07:03:46.577Z", "user": 1, "content_type": 11, "object_id": "32", "object_repr": "9811147006", "action_flag": 3, "change_message": ""}}, {"model": "admin.logentry", "pk": 108, "fields": {"action_time": "2025-11-07T07:03:46.577Z", "user": 1, "content_type": 11, "object_id": "31", "object_repr": "9828147006", "action_flag": 3, "change_message": ""}}, {"model": "admin.logentry", "pk": 109, "fields": {"action_time": "2025-11-07T07:03:46.577Z", "user": 1, "content_type": 11, "object_id": "30", "object_repr": "9813147006", "action_flag": 3, "change_message": ""}}, {"model": "admin.logentry", "pk": 110, "fields": {"action_time": "2025-11-07T07:03:46.578Z", "user": 1, "content_type": 11, "object_id": "29", "object_repr": "9818147006", "action_flag": 3, "change_message": ""}}, {"model": "admin.logentry", "pk": 111, "fields": {"action_time": "2025-11-07T07:11:00.511Z", "user": 1, "content_type": 12, "object_id": "2", "object_repr": "test2", "action_flag": 1, "change_message": "[{\"added\": {}}]"}}, {"model": "admin.logentry", "pk": 112, "fields": {"action_time": "2025-11-07T07:49:12.039Z", "user": 1, "content_type": 11, "object_id": "124", "object_repr": "223235788", "action_flag": 3, "change_message": ""}}, {"model": "admin.logentry", "pk": 113, "fields": {"action_time": "2025-11-07T07:49:12.039Z", "user": 1, "content_type": 11, "object_id": "123", "object_repr": "8974397879", "action_flag": 3, "change_message": ""}}, {"model": "admin.logentry", "pk": 114, "fields": {"action_time": "2025-11-07T07:49:12.039Z", "user": 1, "content_type": 11, "object_id": "122", "object_repr": "7765533335", "action_flag": 3, "change_message": ""}}, {"model": "admin.logentry", "pk": 115, "fields": {"action_time": "2025-11-07T07:49:12.039Z", "user": 1, "content_type": 11, "object_id": "121", "object_repr": "654645343", "action_flag": 3, "change_message": ""}}, {"model": "admin.logentry", "pk": 116, "fields": {"action_time": "2025-11-07T07:49:12.039Z", "user": 1, "content_type": 11, "object_id": "120", "object_repr": "223231111", "action_flag": 3, "change_message": ""}}, {"model": "admin.logentry", "pk": 117, "fields": {"action_time": "2025-11-07T07:49:12.039Z", "user": 1, "content_type": 11, "object_id": "119", "object_repr": "223222222", "action_flag": 3, "change_message": ""}}, {"model": "admin.logentry", "pk": 118, "fields": {"action_time": "2025-11-07T07:49:12.039Z", "user": 1, "content_type": 11, "object_id": "118", "object_repr": "44446666", "action_flag": 3, "change_message": ""}}, {"model": "admin.logentry", "pk": 119, "fields": {"action_time": "2025-11-07T07:49:12.039Z", "user": 1, "content_type": 11, "object_id": "117", "object_repr": "66666444", "action_flag": 3, "change_message": ""}}, {"model": "admin.logentry", "pk": 120, "fields": {"action_time": "2025-11-07T07:49:12.039Z", "user": 1, "content_type": 11, "object_id": "116", "object_repr": "99966666", "action_flag": 3, "change_message": ""}}, {"model": "admin.logentry", "pk": 121, "fields": {"action_time": "2025-11-07T07:49:12.039Z", "user": 1, "content_type": 11, "object_id": "115", "object_repr": "99999999", "action_flag": 3, "change_message": ""}}, {"model": "admin.logentry", "pk": 122, "fields": {"action_time": "2025-11-07T07:49:12.039Z", "user": 1, "content_type": 11, "object_id": "114", "object_repr": "777777777", "action_flag": 3, "change_message": ""}}, {"model": "admin.logentry", "pk": 123, "fields": {"action_time": "2025-11-07T07:49:12.039Z", "user": 1, "content_type": 11, "object_id": "113", "object_repr": "666666666", "action_flag": 3, "change_message": ""}}, {"model": "admin.logentry", "pk": 124, "fields": {"action_time": "2025-11-07T07:49:12.039Z", "user": 1, "content_type": 11, "object_id": "112", "object_repr": "55555555", "action_flag": 3, "change_message": ""}}, {"model": "admin.logentry", "pk": 125, "fields": {"action_time": "2025-11-07T07:49:12.039Z", "user": 1, "content_type": 11, "object_id": "111", "object_repr": "44444444", "action_flag": 3, "change_message": ""}}, {"model": "admin.logentry", "pk": 126, "fields": {"action_time": "2025-11-07T07:49:12.039Z", "user": 1, "content_type": 11, "object_id": "110", "object_repr": "33333333", "action_flag": 3, "change_message": ""}}, {"model": "admin.logentry", "pk": 127, "fields": {"action_time": "2025-11-07T07:49:12.039Z", "user": 1, "content_type": 11, "object_id": "109", "object_repr": "22222222", "action_flag": 3, "change_message": ""}}, {"model": "admin.logentry", "pk": 128, "fields": {"action_time": "2025-11-07T07:49:12.039Z", "user": 1, "content_type": 11, "object_id": "108", "object_repr": "11111111", "action_flag": 3, "change_message": ""}}, {"model": "admin.logentry", "pk": 129, "fields": {"action_time": "2025-11-07T07:49:12.039Z", "user": 1, "content_type": 11, "object_id": "107", "object_repr": "223235788", "action_flag": 3, "change_message": ""}}, {"model": "admin.logentry", "pk": 130, "fields": {"action_time": "2025-11-07T07:49:12.040Z", "user": 1, "content_type": 11, "object_id": "106", "object_repr": "8974397879", "action_flag": 3, "change_message": ""}}, {"model": "admin.logentry", "pk": 131, "fields": {"action_time": "2025-11-07T07:49:12.040Z", "user": 1, "content_type": 11, "object_id": "105", "object_repr": "7765533335", "action_flag": 3, "change_message": ""}}, {"model": "admin.logentry", "pk": 132, "fields": {"action_time": "2025-11-07T07:49:12.040Z", "user": 1, "content_type": 11, "object_id": "104", "object_repr": "654645343", "action_flag": 3, "change_message": ""}}, {"model": "admin.logentry", "pk": 133, "fields": {"action_time": "2025-11-07T07:49:12.040Z", "user": 1, "content_type": 11, "object_id": "103", "object_repr": "223231111", "action_flag": 3, "change_message": ""}}, {"model": "admin.logentry", "pk": 134, "fields": {"action_time": "2025-11-07T07:49:12.040Z", "user": 1, "content_type": 11, "object_id": "102", "object_repr": "223222222", "action_flag": 3, "change_message": ""}}, {"model": "admin.logentry", "pk": 135, "fields": {"action_time": "2025-11-07T07:49:12.040Z", "user": 1, "content_type": 11, "object_id": "101", "object_repr": "44446666", "action_flag": 3, "change_message": ""}}, {"model": "admin.logentry", "pk": 136, "fields": {"action_time": "2025-11-07T07:49:12.040Z", "user": 1, "content_type": 11, "object_id": "100", "object_repr": "66666444", "action_flag": 3, "change_message": ""}}, {"model": "admin.logentry", "pk": 137, "fields": {"action_time": "2025-11-07T07:49:12.040Z", "user": 1, "content_type": 11, "object_id": "99", "object_repr": "99966666", "action_flag": 3, "change_message": ""}}, {"model": "admin.logentry", "pk": 138, "fields": {"action_time": "2025-11-07T07:49:12.040Z", "user": 1, "content_type": 11, "object_id": "98", "object_repr": "99999999", "action_flag": 3, "change_message": ""}}, {"model": "admin.logentry", "pk": 139, "fields": {"action_time": "2025-11-07T07:49:12.040Z", "user": 1, "content_type": 11, "object_id": "97", "object_repr": "777777777", "action_flag": 3, "change_message": ""}}, {"model": "admin.logentry", "pk": 140, "fields": {"action_time": "2025-11-07T07:49:12.040Z", "user": 1, "content_type": 11, "object_id": "96", "object_repr": "666666666", "action_flag": 3, "change_message": ""}}, {"model": "admin.logentry", "pk": 141, "fields": {"action_time": "2025-11-07T07:49:12.040Z", "user": 1, "content_type": 11, "object_id": "95", "object_repr": "55555555", "action_flag": 3, "change_message": ""}}, {"model": "admin.logentry", "pk": 142, "fields": {"action_time": "2025-11-07T07:49:12.040Z", "user": 1, "content_type": 11, "object_id": "94", "object_repr": "44444444", "action_flag": 3, "change_message": ""}}, {"model": "admin.logentry", "pk": 143, "fields": {"action_time": "2025-11-07T07:49:12.040Z", "user": 1, "content_type": 11, "object_id": "93", "object_repr": "33333333", "action_flag": 3, "change_message": ""}}, {"model": "admin.logentry", "pk": 144, "fields": {"action_time": "2025-11-07T07:49:12.040Z", "user": 1, "content_type": 11, "object_id": "92", "object_repr": "22222222", "action_flag": 3, "change_message": ""}}, {"model": "admin.logentry", "pk": 145, "fields": {"action_time": "2025-11-07T07:49:12.040Z", "user": 1, "content_type": 11, "object_id": "91", "object_repr": "11111111", "action_flag": 3, "change_message": ""}}, {"model": "admin.logentry", "pk": 146, "fields": {"action_time": "2025-11-07T07:49:12.040Z", "user": 1, "content_type": 11, "object_id": "90", "object_repr": "8254026403", "action_flag": 3, "change_message": ""}}, {"model": "admin.logentry", "pk": 147, "fields": {"action_time": "2025-11-07T07:49:12.040Z", "user": 1, "content_type": 11, "object_id": "89", "object_repr": "223235788", "action_flag": 3, "change_message": ""}}, {"model": "admin.logentry", "pk": 148, "fields": {"action_time": "2025-11-07T07:49:12.040Z", "user": 1, "content_type": 11, "object_id": "88", "object_repr": "8974397879", "action_flag": 3, "change_message": ""}}, {"model": "admin.logentry", "pk": 149, "fields": {"action_time": "2025-11-07T07:49:12.040Z", "user": 1, "content_type": 11, "object_id": "87", "object_repr": "7765533335", "action_flag": 3, "change_message": ""}}, {"model": "admin.logentry", "pk": 150, "fields": {"action_time": "2025-11-07T07:49:12.040Z", "user": 1, "content_type": 11, "object_id": "86", "object_repr": "654645343", "action_flag": 3, "change_message": ""}}, {"model": "admin.logentry", "pk": 151, "fields": {"action_time": "2025-11-07T07:49:12.040Z", "user": 1, "content_type": 11, "object_id": "85", "object_repr": "223231111", "action_flag": 3, "change_message": ""}}, {"model": "admin.logentry", "pk": 152, "fields": {"action_time": "2025-11-07T07:49:12.040Z", "user": 1, "content_type": 11, "object_id": "84", "object_repr": "223222222", "action_flag": 3, "change_message": ""}}, {"model": "admin.logentry", "pk": 153, "fields": {"action_time": "2025-11-07T07:49:12.040Z", "user": 1, "content_type": 11, "object_id": "83", "object_repr": "44446666", "action_flag": 3, "change_message": ""}}, {"model": "admin.logentry", "pk": 154, "fields": {"action_time": "2025-11-07T07:49:12.040Z", "user": 1, "content_type": 11, "object_id": "82", "object_repr": "66666444", "action_flag": 3, "change_message": ""}}, {"model": "admin.logentry", "pk": 155, "fields": {"action_time": "2025-11-07T07:49:12.041Z", "user": 1, "content_type": 11, "object_id": "81", "object_repr": "99966666", "action_flag": 3, "change_message": ""}}, {"model": "admin.logentry", "pk": 156, "fields": {"action_time": "2025-11-07T07:49:12.041Z", "user": 1, "content_type": 11, "object_id": "80", "object_repr": "99999999", "action_flag": 3, "change_message": ""}}, {"model": "admin.logentry", "pk": 157, "fields": {"action_time": "2025-11-07T07:49:12.041Z", "user": 1, "content_type": 11, "object_id": "79", "object_repr": "777777777", "action_flag": 3, "change_message": ""}}, {"model": "admin.logentry", "pk": 158, "fields": {"action_time": "2025-11-07T07:49:12.041Z", "user": 1, "content_type": 11, "object_id": "78", "object_repr": "666666666", "action_flag": 3, "change_message": ""}}, {"model": "admin.logentry", "pk": 159, "fields": {"action_time": "2025-11-07T07:49:12.041Z", "user": 1, "content_type": 11, "object_id": "77", "object_repr": "55555555", "action_flag": 3, "change_message": ""}}, {"model": "admin.logentry", "pk": 160, "fields": {"action_time": "2025-11-07T07:49:12.041Z", "user": 1, "content_type": 11, "object_id": "76", "object_repr": "44444444", "action_flag": 3, "change_message": ""}}, {"model": "admin.logentry", "pk": 161, "fields": {"action_time": "2025-11-07T07:49:12.041Z", "user": 1, "content_type": 11, "object_id": "75", "object_repr": "33333333", "action_flag": 3, "change_message": ""}}, {"model": "admin.logentry", "pk": 162, "fields": {"action_time": "2025-11-07T07:49:12.041Z", "user": 1, "content_type": 11, "object_id": "74", "object_repr": "22222222", "action_flag": 3, "change_message": ""}}, {"model": "admin.logentry", "pk": 163, "fields": {"action_time": "2025-11-07T07:49:12.041Z", "user": 1, "content_type": 11, "object_id": "73", "object_repr": "11111111", "action_flag": 3, "change_message": ""}}, {"model": "admin.logentry", "pk": 164, "fields": {"action_time": "2025-11-07T07:50:21.882Z", "user": 1, "content_type": 10, "object_id": "12", "object_repr": "", "action_flag": 3, "change_message": ""}}, {"model": "admin.logentry", "pk": 165, "fields": {"action_time": "2025-11-07T07:50:21.882Z", "user": 1, "content_type": 10, "object_id": "10", "object_repr": "['hero']", "action_flag": 3, "change_message": ""}}, {"model": "admin.logentry", "pk": 166, "fields": {"action_time": "2025-11-07T07:50:21.882Z", "user": 1, "content_type": 10, "object_id": "8", "object_repr": "test", "action_flag": 3, "change_message": ""}}, {"model": "admin.logentry", "pk": 167, "fields": {"action_time": "2025-11-07T07:50:21.882Z", "user": 1, "content_type": 10, "object_id": "6", "object_repr": "test", "action_flag": 3, "change_message": ""}}, {"model": "admin.logentry", "pk": 168, "fields": {"action_time": "2025-11-07T07:50:21.882Z", "user": 1, "content_type": 10, "object_id": "5", "object_repr": "test", "action_flag": 3, "change_message": ""}}, {"model": "admin.logentry", "pk": 169, "fields": {"action_time": "2025-11-07T07:50:21.882Z", "user": 1, "content_type": 10, "object_id": "4", "object_repr": "test", "action_flag": 3, "change_message": ""}}, {"model": "admin.logentry", "pk": 170, "fields": {"action_time": "2025-11-07T07:50:21.882Z", "user": 1, "content_type": 10, "object_id": "3", "object_repr": "test", "action_flag": 3, "change_message": ""}}, {"model": "admin.logentry", "pk": 171, "fields": {"action_time": "2025-11-07T07:50:21.882Z", "user": 1, "content_type": 10, "object_id": "2", "object_repr": "test", "action_flag": 3, "change_message": ""}}, {"model": "admin.logentry", "pk": 172, "fields": {"action_time": "2025-11-07T07:50:21.882Z", "user": 1, "content_type": 10, "object_id": "1", "object_repr": "test", "action_flag": 3, "change_message": ""}}, {"model": "admin.logentry", "pk": 173, "fields": {"action_time": "2025-11-07T17:38:06.288Z", "user": 1, "content_type": 8, "object_id": "23", "object_repr": "Dashboard", "action_flag": 3, "change_message": ""}}, {"model": "admin.logentry", "pk": 174, "fields": {"action_time": "2025-11-07T17:38:06.288Z", "user": 1, "content_type": 8, "object_id": "22", "object_repr": "Dashboard", "action_flag": 3, "change_message": ""}}, {"model": "admin.logentry", "pk": 175, "fields": {"action_time": "2025-11-09T11:08:09.185Z", "user": 1, "content_type": 9, "object_id": "85", "object_repr": "ADMIN", "action_flag": 3, "change_message": ""}}, {"model": "admin.logentry", "pk": 176, "fields": {"action_time": "2025-11-09T11:08:09.186Z", "user": 1, "content_type": 9, "object_id": "90", "object_repr": "FINANCE", "action_flag": 3, "change_message": ""}}, {"model": "admin.logentry", "pk": 177, "fields": {"action_time": "2025-11-09T11:08:09.186Z", "user": 1, "content_type": 9, "object_id": "88", "object_repr": "NOC", "action_flag": 3, "change_message": ""}}, {"model": "admin.logentry", "pk": 178, "fields": {"action_time": "2025-11-09T11:08:09.186Z", "user": 1, "content_type": 9, "object_id": "89", "object_repr": "RATE", "action_flag": 3, "change_message": ""}}, {"model": "admin.logentry", "pk": 179, "fields": {"action_time": "2025-11-09T11:08:09.186Z", "user": 1, "content_type": 9, "object_id": "86", "object_repr": "SALES", "action_flag": 3, "change_message": ""}}, {"model": "admin.logentry", "pk": 180, "fields": {"action_time": "2025-11-09T11:08:09.186Z", "user": 1, "content_type": 9, "object_id": "87", "object_repr": "SUPPORT", "action_flag": 3, "change_message": ""}}, {"model": "admin.logentry", "pk": 181, "fields": {"action_time": "2025-11-09T11:08:45.590Z", "user": 1, "content_type": 8, "object_id": "24", "object_repr": "delete", "action_flag": 3, "change_message": ""}}, {"model": "admin.logentry", "pk": 182, "fields": {"action_time": "2025-11-09T11:09:18.795Z", "user": 1, "content_type": 8, "object_id": "17", "object_repr": "ujjwal", "action_flag": 3, "change_message": ""}}, {"model": "admin.logentry", "pk": 183, "fields": {"action_time": "2025-11-09T13:03:27.117Z", "user": 1, "content_type": 9, "object_id": "67", "object_repr": "ADMIN", "action_flag": 3, "change_message": ""}}, {"model": "admin.logentry", "pk": 184, "fields": {"action_time": "2025-11-09T13:03:56.221Z", "user": 1, "content_type": 8, "object_id": "19", "object_repr": "test2", "action_flag": 3, "change_message": ""}}, {"model": "admin.logentry", "pk": 185, "fields": {"action_time": "2025-11-09T13:04:27.291Z", "user": 1, "content_type": 8, "object_id": "17", "object_repr": "ujjwal", "action_flag": 3, "change_message": ""}}, {"model": "admin.logentry", "pk": 186, "fields": {"action_time": "2025-11-09T13:05:06.492Z", "user": 1, "content_type": 8, "object_id": "10", "object_repr": "testing", "action_flag": 3, "change_message": ""}}, {"model": "admin.logentry", "pk": 187, "fields": {"action_time": "2025-11-09T13:05:06.492Z", "user": 1, "content_type": 8, "object_id": "6", "object_repr": "Dark Mode", "action_flag": 3, "change_message": ""}}, {"model": "admin.logentry", "pk": 188, "fields": {"action_time": "2025-11-09T13:52:22.845Z", "user": 1, "content_type": 8, "object_id": "1", "object_repr": "Dashboard", "action_flag": 2, "change_message": "[{\"changed\": {\"fields\": [\"Parent\"]}}]"}}, {"model": "admin.logentry", "pk": 189, "fields": {"action_time": "2025-11-09T13:52:42.175Z", "user": 1, "content_type": 8, "object_id": "1", "object_repr": "Dashboard", "action_flag": 2, "change_message": "[{\"changed\": {\"fields\": [\"Parent\"]}}]"}}, {"model": "admin.logentry", "pk": 190, "fields": {"action_time": "2025-11-12T17:10:00.080Z", "user": 1, "content_type": 13, "object_id": "1", "object_repr": "yukesh.maha11@gmail.com", "action_flag": 2, "change_message": "[{\"changed\": {\"fields\": [\"Name\"]}}]"}}, {"model": "admin.logentry", "pk": 191, "fields": {"action_time": "2025-11-12T17:10:44.110Z", "user": 1, "content_type": 13, "object_id": "1", "object_repr": "yukesh.mahafsadfsa11@gmail.com", "action_flag": 2, "change_message": "[{\"changed\": {\"fields\": [\"Name\", \"SmtpUser\"]}}]"}}, {"model": "admin.logentry", "pk": 192, "fields": {"action_time": "2025-11-12T17:11:25.202Z", "user": 1, "content_type": 13, "object_id": "1", "object_repr": "yukesh.maha10@gmail.com", "action_flag": 2, "change_message": "[{\"changed\": {\"fields\": [\"Name\", \"SmtpUser\"]}}]"}}, {"model": "admin.logentry", "pk": 193, "fields": {"action_time": "2025-11-13T05:58:00.528Z", "user": 1, "content_type": 13, "object_id": "2", "object_repr": "ujjwalmaharjan8080@gmail.com", "action_flag": 3, "change_message": ""}}, {"model": "admin.logentry", "pk": 194, "fields": {"action_time": "2025-11-13T06:01:29.174Z", "user": 1, "content_type": 13, "object_id": "3", "object_repr": "ujjwalmaharjan8080@gmail.com", "action_flag": 2, "change_message": "[{\"changed\": {\"fields\": [\"SmtpPort\"]}}]"}}, {"model": "admin.logentry", "pk": 195, "fields": {"action_time": "2025-11-13T06:02:39.172Z", "user": 1, "content_type": 13, "object_id": "3", "object_repr": "ujjwalmaharjan8080@gmail.com", "action_flag": 3, "change_message": ""}}, {"model": "admin.logentry", "pk": 196, "fields": {"action_time": "2025-11-13T06:45:16.033Z", "user": 1, "content_type": 9, "object_id": "97", "object_repr": "ADMIN", "action_flag": 2, "change_message": "[{\"changed\": {\"fields\": [\"Write\"]}}]"}}, {"model": "admin.logentry", "pk": 197, "fields": {"action_time": "2025-11-13T07:03:32.584Z", "user": 1, "content_type": 9, "object_id": "97", "object_repr": "ADMIN", "action_flag": 2, "change_message": "[{\"changed\": {\"fields\": [\"Write\"]}}]"}}, {"model": "admin.logentry", "pk": 198, "fields": {"action_time": "2025-11-13T07:05:32.585Z", "user": 1, "content_type": 13, "object_id": "7", "object_repr": "yugenmaharjan@gmail.com", "action_flag": 3, "change_message": ""}}, {"model": "admin.logentry", "pk": 199, "fields": {"action_time": "2025-11-13T07:05:32.585Z", "user": 1, "content_type": 13, "object_id": "6", "object_repr": "yugenmaharjan@gmail.com", "action_flag": 3, "change_message": ""}}, {"model": "admin.logentry", "pk": 200, "fields": {"action_time": "2025-11-13T07:08:52.244Z", "user": 1, "content_type": 9, "object_id": "97", "object_repr": "ADMIN", "action_flag": 2, "change_message": "[{\"changed\": {\"fields\": [\"Write\"]}}]"}}, {"model": "admin.logentry", "pk": 201, "fields": {"action_time": "2025-11-13T07:25:37.130Z", "user": 1, "content_type": 9, "object_id": "97", "object_repr": "ADMIN", "action_flag": 2, "change_message": "[{\"changed\": {\"fields\": [\"Read\"]}}]"}}, {"model": "admin.logentry", "pk": 202, "fields": {"action_time": "2025-11-13T07:26:28.556Z", "user": 1, "content_type": 9, "object_id": "97", "object_repr": "ADMIN", "action_flag": 2, "change_message": "[{\"changed\": {\"fields\": [\"Read\"]}}]"}}, {"model": "admin.logentry", "pk": 203, "fields": {"action_time": "2025-11-13T07:34:02.409Z", "user": 1, "content_type": 9, "object_id": "97", "object_repr": "ADMIN", "action_flag": 2, "change_message": "[{\"changed\": {\"fields\": [\"Read\"]}}]"}}, {"model": "admin.logentry", "pk": 204, "fields": {"action_time": "2025-11-13T07:35:26.861Z", "user": 1, "content_type": 9, "object_id": "97", "object_repr": "ADMIN", "action_flag": 2, "change_message": "[{\"changed\": {\"fields\": [\"Write\"]}}]"}}, {"model": "admin.logentry", "pk": 205, "fields": {"action_time": "2025-11-13T07:35:41.828Z", "user": 1, "content_type": 9, "object_id": "97", "object_repr": "ADMIN", "action_flag": 2, "change_message": "[{\"changed\": {\"fields\": [\"Read\", \"Write\"]}}]"}}, {"model": "admin.logentry", "pk": 206, "fields": {"action_time": "2025-11-13T07:45:58.967Z", "user": 1, "content_type": 8, "object_id": "25", "object_repr": "test", "action_flag": 3, "change_message": ""}}, {"model": "admin.logentry", "pk": 207, "fields": {"action_time": "2025-11-13T09:16:57.655Z", "user": 1, "content_type": 9, "object_id": "73", "object_repr": "ADMIN", "action_flag": 2, "change_message": "[{\"changed\": {\"fields\": [\"Write\"]}}]"}}, {"model": "admin.logentry", "pk": 208, "fields": {"action_time": "2025-11-13T10:17:44.205Z", "user": 1, "content_type": 9, "object_id": "4", "object_repr": "ADMIN", "action_flag": 2, "change_message": "[{\"changed\": {\"fields\": [\"Write\"]}}]"}}, {"model": "admin.logentry", "pk": 209, "fields": {"action_time": "2025-11-13T10:31:03.458Z", "user": 1, "content_type": 9, "object_id": "4", "object_repr": "ADMIN", "action_flag": 2, "change_message": "[{\"changed\": {\"fields\": [\"Write\"]}}]"}}, {"model": "admin.logentry", "pk": 210, "fields": {"action_time": "2025-11-13T10:32:52.636Z", "user": 1, "content_type": 9, "object_id": "97", "object_repr": "ADMIN", "action_flag": 2, "change_message": "[{\"changed\": {\"fields\": [\"Write\"]}}]"}}, {"model": "admin.logentry", "pk": 211, "fields": {"action_time": "2025-11-13T11:02:50.320Z", "user": 1, "content_type": 9, "object_id": "4", "object_repr": "ADMIN", "action_flag": 2, "change_message": "[{\"changed\": {\"fields\": [\"Write\"]}}]"}}, {"model": "admin.logentry", "pk": 212, "fields": {"action_time": "2025-11-14T05:58:16.116Z", "user": 1, "content_type": 9, "object_id": "79", "object_repr": "ADMIN", "action_flag": 2, "change_message": "[{\"changed\": {\"fields\": [\"Write\"]}}]"}}, {"model": "admin.logentry", "pk": 213, "fields": {"action_time": "2025-11-14T06:40:28.426Z", "user": 1, "content_type": 9, "object_id": "169", "object_repr": "ADMIN", "action_flag": 2, "change_message": "[{\"changed\": {\"fields\": [\"Write\"]}}]"}}, {"model": "admin.logentry", "pk": 214, "fields": {"action_time": "2025-11-14T09:05:02.703Z", "user": 1, "content_type": 13, "object_id": "4", "object_repr": "ujjwal.mrzn@gmail.com", "action_flag": 2, "change_message": "[{\"changed\": {\"fields\": [\"Security\"]}}]"}}, {"model": "admin.logentry", "pk": 215, "fields": {"action_time": "2025-11-14T09:05:33.455Z", "user": 1, "content_type": 13, "object_id": "4", "object_repr": "ujjwal.mrzn@gmail.com", "action_flag": 2, "change_message": "[{\"changed\": {\"fields\": [\"SmtpPort\"]}}]"}}, {"model": "admin.logentry", "pk": 216, "fields": {"action_time": "2025-11-14T09:06:49.928Z", "user": 1, "content_type": 13, "object_id": "4", "object_repr": "ujjwal.mrzn@gmail.com", "action_flag": 2, "change_message": "[{\"changed\": {\"fields\": [\"Security\"]}}]"}}, {"model": "admin.logentry", "pk": 217, "fields": {"action_time": "2025-11-14T09:07:00.585Z", "user": 1, "content_type": 13, "object_id": "4", "object_repr": "ujjwal.mrzn@gmail.com", "action_flag": 2, "change_message": "[{\"changed\": {\"fields\": [\"SmtpPort\"]}}]"}}, {"model": "admin.logentry", "pk": 218, "fields": {"action_time": "2025-11-14T09:36:39.208Z", "user": 1, "content_type": 13, "object_id": "1", "object_repr": "yukesh.maha10@gmail.com", "action_flag": 2, "change_message": "[{\"changed\": {\"fields\": [\"SmtpPort\", \"Security\"]}}]"}}, {"model": "admin.logentry", "pk": 219, "fields": {"action_time": "2025-11-14T09:44:58.974Z", "user": 1, "content_type": 9, "object_id": "97", "object_repr": "ADMIN", "action_flag": 2, "change_message": "[{\"changed\": {\"fields\": [\"Write\", \"Delete\", \"Put\"]}}]"}}, {"model": "admin.logentry", "pk": 220, "fields": {"action_time": "2025-11-14T09:54:36.665Z", "user": 1, "content_type": 9, "object_id": "169", "object_repr": "ADMIN", "action_flag": 2, "change_message": "[{\"changed\": {\"fields\": [\"Delete\", \"Put\"]}}]"}}, {"model": "admin.logentry", "pk": 221, "fields": {"action_time": "2025-11-14T10:13:55.789Z", "user": 1, "content_type": 14, "object_id": "1", "object_repr": "Test", "action_flag": 2, "change_message": "[]"}}, {"model": "admin.logentry", "pk": 222, "fields": {"action_time": "2025-11-14T10:14:42.430Z", "user": 1, "content_type": 8, "object_id": "50", "object_repr": "hello", "action_flag": 3, "change_message": ""}}, {"model": "admin.logentry", "pk": 223, "fields": {"action_time": "2025-11-14T10:14:42.430Z", "user": 1, "content_type": 8, "object_id": "45", "object_repr": "qwe", "action_flag": 3, "change_message": ""}}, {"model": "admin.logentry", "pk": 224, "fields": {"action_time": "2025-11-14T10:14:42.430Z", "user": 1, "content_type": 8, "object_id": "43", "object_repr": "Testing 11/14", "action_flag": 3, "change_message": ""}}, {"model": "admin.logentry", "pk": 225, "fields": {"action_time": "2025-11-14T10:14:42.430Z", "user": 1, "content_type": 8, "object_id": "34", "object_repr": "asdasd", "action_flag": 3, "change_message": ""}}, {"model": "admin.logentry", "pk": 226, "fields": {"action_time": "2025-11-14T10:14:42.430Z", "user": 1, "content_type": 8, "object_id": "33", "object_repr": "jk", "action_flag": 3, "change_message": ""}}, {"model": "admin.logentry", "pk": 227, "fields": {"action_time": "2025-11-14T10:14:42.430Z", "user": 1, "content_type": 8, "object_id": "32", "object_repr": "errw", "action_flag": 3, "change_message": ""}}, {"model": "admin.logentry", "pk": 228, "fields": {"action_time": "2025-11-14T10:14:42.430Z", "user": 1, "content_type": 8, "object_id": "31", "object_repr": "yryr", "action_flag": 3, "change_message": ""}}, {"model": "admin.logentry", "pk": 229, "fields": {"action_time": "2025-11-14T10:14:42.430Z", "user": 1, "content_type": 8, "object_id": "29", "object_repr": "ujjwal", "action_flag": 3, "change_message": ""}}, {"model": "admin.logentry", "pk": 230, "fields": {"action_time": "2025-11-14T10:14:42.430Z", "user": 1, "content_type": 8, "object_id": "18", "object_repr": "Testing", "action_flag": 3, "change_message": ""}}, {"model": "admin.logentry", "pk": 231, "fields": {"action_time": "2025-11-14T10:14:42.430Z", "user": 1, "content_type": 8, "object_id": "16", "object_repr": "Logout", "action_flag": 3, "change_message": ""}}, {"model": "admin.logentry", "pk": 232, "fields": {"action_time": "2025-11-14T10:14:42.430Z", "user": 1, "content_type": 8, "object_id": "3", "object_repr": "DateAndTime", "action_flag": 3, "change_message": ""}}, {"model": "admin.logentry", "pk": 233, "fields": {"action_time": "2025-11-14T10:14:42.430Z", "user": 1, "content_type": 8, "object_id": "44", "object_repr": "Testing 11/14-2", "action_flag": 3, "change_message": ""}}, {"model": "admin.logentry", "pk": 234, "fields": {"action_time": "2025-11-14T10:14:42.430Z", "user": 1, "content_type": 8, "object_id": "30", "object_repr": "Dashasdbosssard", "action_flag": 3, "change_message": ""}}, {"model": "admin.logentry", "pk": 235, "fields": {"action_time": "2025-11-14T10:14:42.430Z", "user": 1, "content_type": 8, "object_id": "9", "object_repr": "Setting", "action_flag": 3, "change_message": ""}}, {"model": "admin.logentry", "pk": 236, "fields": {"action_time": "2025-11-14T10:14:42.430Z", "user": 1, "content_type": 8, "object_id": "41", "object_repr": "Reprehenderit sunt", "action_flag": 3, "change_message": ""}}, {"model": "admin.logentry", "pk": 237, "fields": {"action_time": "2025-11-14T10:14:42.430Z", "user": 1, "content_type": 8, "object_id": "40", "object_repr": "Reprehenderit sunt", "action_flag": 3, "change_message": ""}}, {"model": "admin.logentry", "pk": 238, "fields": {"action_time": "2025-11-14T10:14:42.430Z", "user": 1, "content_type": 8, "object_id": "39", "object_repr": "Reprehenderit sunt", "action_flag": 3, "change_message": ""}}, {"model": "admin.logentry", "pk": 239, "fields": {"action_time": "2025-11-14T10:14:42.430Z", "user": 1, "content_type": 8, "object_id": "38", "object_repr": "Reprehenderit sunt", "action_flag": 3, "change_message": ""}}, {"model": "admin.logentry", "pk": 240, "fields": {"action_time": "2025-11-14T10:14:42.430Z", "user": 1, "content_type": 8, "object_id": "37", "object_repr": "Reprehenderit sunt", "action_flag": 3, "change_message": ""}}, {"model": "admin.logentry", "pk": 241, "fields": {"action_time": "2025-11-14T10:14:42.430Z", "user": 1, "content_type": 8, "object_id": "36", "object_repr": "Reprehenderit sunt", "action_flag": 3, "change_message": ""}}, {"model": "admin.logentry", "pk": 242, "fields": {"action_time": "2025-11-14T10:14:42.430Z", "user": 1, "content_type": 8, "object_id": "35", "object_repr": "Reprehenderit sunt", "action_flag": 3, "change_message": ""}}, {"model": "admin.logentry", "pk": 243, "fields": {"action_time": "2025-11-14T10:14:42.430Z", "user": 1, "content_type": 8, "object_id": "49", "object_repr": "hello 2", "action_flag": 3, "change_message": ""}}, {"model": "admin.logentry", "pk": 244, "fields": {"action_time": "2025-11-14T10:14:42.430Z", "user": 1, "content_type": 8, "object_id": "48", "object_repr": "hello", "action_flag": 3, "change_message": ""}}, {"model": "admin.logentry", "pk": 245, "fields": {"action_time": "2025-11-14T10:14:42.430Z", "user": 1, "content_type": 8, "object_id": "51", "object_repr": "hello2", "action_flag": 3, "change_message": ""}}, {"model": "admin.logentry", "pk": 246, "fields": {"action_time": "2025-11-14T10:14:42.430Z", "user": 1, "content_type": 8, "object_id": "42", "object_repr": "Omnis sunt nisi ess", "action_flag": 3, "change_message": ""}}, {"model": "admin.logentry", "pk": 247, "fields": {"action_time": "2025-11-14T10:14:42.430Z", "user": 1, "content_type": 8, "object_id": "47", "object_repr": "Labore est eiusmod i", "action_flag": 3, "change_message": ""}}, {"model": "admin.logentry", "pk": 248, "fields": {"action_time": "2025-11-14T10:14:52.392Z", "user": 1, "content_type": 8, "object_id": "21", "object_repr": "Template", "action_flag": 2, "change_message": "[{\"changed\": {\"fields\": [\"Label\"]}}]"}}, {"model": "admin.logentry", "pk": 249, "fields": {"action_time": "2025-11-14T10:22:00.559Z", "user": 1, "content_type": 8, "object_id": "54", "object_repr": "SMTP", "action_flag": 3, "change_message": ""}}, {"model": "admin.logentry", "pk": 250, "fields": {"action_time": "2025-11-14T10:22:00.559Z", "user": 1, "content_type": 8, "object_id": "53", "object_repr": "SMTP", "action_flag": 3, "change_message": ""}}, {"model": "admin.logentry", "pk": 251, "fields": {"action_time": "2025-11-14T10:22:34.039Z", "user": 1, "content_type": 8, "object_id": "26", "object_repr": "SMTP", "action_flag": 3, "change_message": ""}}, {"model": "admin.logentry", "pk": 252, "fields": {"action_time": "2025-11-14T10:25:34.762Z", "user": 1, "content_type": 9, "object_id": "204", "object_repr": "FINANCE", "action_flag": 3, "change_message": ""}}, {"model": "admin.logentry", "pk": 253, "fields": {"action_time": "2025-11-14T10:25:34.762Z", "user": 1, "content_type": 9, "object_id": "203", "object_repr": "RATE", "action_flag": 3, "change_message": ""}}, {"model": "admin.logentry", "pk": 254, "fields": {"action_time": "2025-11-14T10:25:34.762Z", "user": 1, "content_type": 9, "object_id": "202", "object_repr": "NOC", "action_flag": 3, "change_message": ""}}, {"model": "admin.logentry", "pk": 255, "fields": {"action_time": "2025-11-14T10:25:34.762Z", "user": 1, "content_type": 9, "object_id": "201", "object_repr": "SUPPORT", "action_flag": 3, "change_message": ""}}, {"model": "admin.logentry", "pk": 256, "fields": {"action_time": "2025-11-14T10:25:34.762Z", "user": 1, "content_type": 9, "object_id": "200", "object_repr": "SALES", "action_flag": 3, "change_message": ""}}, {"model": "admin.logentry", "pk": 257, "fields": {"action_time": "2025-11-14T10:25:34.762Z", "user": 1, "content_type": 9, "object_id": "199", "object_repr": "ADMIN", "action_flag": 3, "change_message": ""}}, {"model": "admin.logentry", "pk": 258, "fields": {"action_time": "2025-11-14T10:25:48.064Z", "user": 1, "content_type": 8, "object_id": "58", "object_repr": "Text123", "action_flag": 3, "change_message": ""}}, {"model": "admin.logentry", "pk": 259, "fields": {"action_time": "2025-11-14T10:25:48.064Z", "user": 1, "content_type": 8, "object_id": "57", "object_repr": "SMTP", "action_flag": 3, "change_message": ""}}, {"model": "admin.logentry", "pk": 260, "fields": {"action_time": "2025-11-14T10:28:04.887Z", "user": 1, "content_type": 8, "object_id": "56", "object_repr": "Settings", "action_flag": 3, "change_message": ""}}, {"model": "admin.logentry", "pk": 261, "fields": {"action_time": "2025-11-14T10:28:04.887Z", "user": 1, "content_type": 8, "object_id": "52", "object_repr": "Settings", "action_flag": 3, "change_message": ""}}, {"model": "admin.logentry", "pk": 262, "fields": {"action_time": "2025-11-14T10:28:42.675Z", "user": 1, "content_type": 8, "object_id": "59", "object_repr": "SMTP", "action_flag": 3, "change_message": ""}}, {"model": "admin.logentry", "pk": 263, "fields": {"action_time": "2025-11-14T10:28:42.675Z", "user": 1, "content_type": 8, "object_id": "28", "object_repr": "Support", "action_flag": 3, "change_message": ""}}, {"model": "admin.logentry", "pk": 264, "fields": {"action_time": "2025-11-14T10:28:42.675Z", "user": 1, "content_type": 8, "object_id": "27", "object_repr": "TimeZone", "action_flag": 3, "change_message": ""}}, {"model": "admin.logentry", "pk": 265, "fields": {"action_time": "2025-11-14T10:35:07.328Z", "user": 1, "content_type": 9, "object_id": "79", "object_repr": "ADMIN", "action_flag": 2, "change_message": "[{\"changed\": {\"fields\": [\"Write\", \"Delete\", \"Put\"]}}]"}}, {"model": "admin.logentry", "pk": 266, "fields": {"action_time": "2025-11-14T10:38:01.956Z", "user": 1, "content_type": 12, "object_id": "8", "object_repr": "Test", "action_flag": 3, "change_message": ""}}, {"model": "admin.logentry", "pk": 267, "fields": {"action_time": "2025-11-14T11:21:57.637Z", "user": 1, "content_type": 8, "object_id": "4", "object_repr": "Module List", "action_flag": 2, "change_message": "[{\"changed\": {\"fields\": [\"Label\"]}}]"}}, {"model": "admin.logentry", "pk": 268, "fields": {"action_time": "2025-11-14T11:23:28.164Z", "user": 1, "content_type": 8, "object_id": "63", "object_repr": "User Password", "action_flag": 2, "change_message": "[{\"changed\": {\"fields\": [\"Url\"]}}]"}}, {"model": "admin.logentry", "pk": 269, "fields": {"action_time": "2025-11-17T10:33:03.480Z", "user": 1, "content_type": 9, "object_id": "43", "object_repr": "ADMIN", "action_flag": 2, "change_message": "[{\"changed\": {\"fields\": [\"Write\"]}}]"}}, {"model": "admin.logentry", "pk": 270, "fields": {"action_time": "2025-11-18T04:33:03.261Z", "user": 1, "content_type": 8, "object_id": "61", "object_repr": "SMTP", "action_flag": 2, "change_message": "[{\"changed\": {\"fields\": [\"Url\"]}}]"}}, {"model": "admin.logentry", "pk": 271, "fields": {"action_time": "2025-11-18T04:45:37.422Z", "user": 1, "content_type": 8, "object_id": "61", "object_repr": "SMTP", "action_flag": 2, "change_message": "[{\"changed\": {\"fields\": [\"Url\"]}}]"}}, {"model": "admin.logentry", "pk": 272, "fields": {"action_time": "2025-11-18T04:46:29.950Z", "user": 1, "content_type": 8, "object_id": "61", "object_repr": "SMTP", "action_flag": 2, "change_message": "[]"}}, {"model": "admin.logentry", "pk": 273, "fields": {"action_time": "2025-11-18T04:46:30.090Z", "user": 1, "content_type": 8, "object_id": "61", "object_repr": "SMTP", "action_flag": 2, "change_message": "[]"}}, {"model": "admin.logentry", "pk": 274, "fields": {"action_time": "2025-11-18T05:27:12.557Z", "user": 1, "content_type": 8, "object_id": "66", "object_repr": "Country", "action_flag": 2, "change_message": "[{\"changed\": {\"fields\": [\"Url\"]}}]"}}, {"model": "admin.logentry", "pk": 275, "fields": {"action_time": "2025-11-18T05:30:29.006Z", "user": 1, "content_type": 8, "object_id": "69", "object_repr": "Country", "action_flag": 2, "change_message": "[{\"changed\": {\"fields\": [\"Url\"]}}]"}}, {"model": "admin.logentry", "pk": 276, "fields": {"action_time": "2025-11-18T05:33:29.590Z", "user": 1, "content_type": 8, "object_id": "69", "object_repr": "Country", "action_flag": 2, "change_message": "[{\"changed\": {\"fields\": [\"Url\"]}}]"}}, {"model": "admin.logentry", "pk": 277, "fields": {"action_time": "2025-11-18T05:38:59.080Z", "user": 1, "content_type": 18, "object_id": "1", "object_repr": "pesa", "action_flag": 1, "change_message": "[{\"added\": {}}]"}}, {"model": "admin.logentry", "pk": 278, "fields": {"action_time": "2025-11-18T05:40:29.957Z", "user": 1, "content_type": 8, "object_id": "69", "object_repr": "Country", "action_flag": 2, "change_message": "[{\"changed\": {\"fields\": [\"Url\"]}}]"}}, {"model": "admin.logentry", "pk": 279, "fields": {"action_time": "2025-11-18T06:18:14.995Z", "user": 1, "content_type": 9, "object_id": "264", "object_repr": "FINANCE", "action_flag": 2, "change_message": "[{\"changed\": {\"fields\": [\"Write\", \"Delete\", \"Put\"]}}]"}}, {"model": "admin.logentry", "pk": 280, "fields": {"action_time": "2025-11-18T06:39:53.793Z", "user": 1, "content_type": 18, "object_id": "2", "object_repr": "Rupees", "action_flag": 3, "change_message": ""}}, {"model": "admin.logentry", "pk": 281, "fields": {"action_time": "2025-11-18T06:59:22.965Z", "user": 1, "content_type": 17, "object_id": "5", "object_repr": "NEPAL", "action_flag": 3, "change_message": ""}}, {"model": "admin.logentry", "pk": 282, "fields": {"action_time": "2025-11-18T07:22:33.084Z", "user": 1, "content_type": 19, "object_id": "2", "object_repr": "Delhi", "action_flag": 2, "change_message": "[{\"changed\": {\"fields\": [\"IsDeleted\"]}}]"}}, {"model": "admin.logentry", "pk": 283, "fields": {"action_time": "2025-11-18T07:23:58.780Z", "user": 1, "content_type": 18, "object_id": "1", "object_repr": "pesa", "action_flag": 2, "change_message": "[{\"changed\": {\"fields\": [\"IsDeleted\"]}}]"}}, {"model": "admin.logentry", "pk": 284, "fields": {"action_time": "2025-11-18T07:48:04.149Z", "user": 1, "content_type": 22, "object_id": "1", "object_repr": "Kathmandu", "action_flag": 2, "change_message": "[{\"changed\": {\"fields\": [\"IsDeleted\"]}}]"}}, {"model": "admin.logentry", "pk": 285, "fields": {"action_time": "2025-11-18T09:39:08.458Z", "user": 1, "content_type": 20, "object_id": "3", "object_repr": "Active", "action_flag": 3, "change_message": ""}}, {"model": "admin.logentry", "pk": 286, "fields": {"action_time": "2025-11-18T09:39:08.459Z", "user": 1, "content_type": 20, "object_id": "2", "object_repr": "Active", "action_flag": 3, "change_message": ""}}, {"model": "admin.logentry", "pk": 287, "fields": {"action_time": "2025-11-18T09:39:27.748Z", "user": 1, "content_type": 20, "object_id": "1", "object_repr": "Active", "action_flag": 2, "change_message": "[{\"changed\": {\"fields\": [\"IsDeleted\"]}}]"}}, {"model": "admin.logentry", "pk": 288, "fields": {"action_time": "2025-11-18T10:19:43.887Z", "user": 1, "content_type": 9, "object_id": "73", "object_repr": "ADMIN", "action_flag": 2, "change_message": "[{\"changed\": {\"fields\": [\"Delete\", \"Put\"]}}]"}}, {"model": "admin.logentry", "pk": 289, "fields": {"action_time": "2025-11-18T11:47:29.914Z", "user": 1, "content_type": 20, "object_id": "7", "object_repr": "Example Company", "action_flag": 3, "change_message": ""}}, {"model": "admin.logentry", "pk": 290, "fields": {"action_time": "2025-11-18T11:47:29.914Z", "user": 1, "content_type": 20, "object_id": "6", "object_repr": "Example Company", "action_flag": 3, "change_message": ""}}, {"model": "admin.logentry", "pk": 291, "fields": {"action_time": "2025-11-18T11:47:29.915Z", "user": 1, "content_type": 20, "object_id": "5", "object_repr": "Example Company", "action_flag": 3, "change_message": ""}}, {"model": "admin.logentry", "pk": 292, "fields": {"action_time": "2025-11-19T05:07:31.754Z", "user": 1, "content_type": 8, "object_id": "67", "object_repr": "State", "action_flag": 2, "change_message": "[{\"changed\": {\"fields\": [\"Url\"]}}]"}}, {"model": "admin.logentry", "pk": 293, "fields": {"action_time": "2025-11-19T05:40:59.734Z", "user": 1, "content_type": 8, "object_id": "78", "object_repr": "test", "action_flag": 2, "change_message": "[{\"changed\": {\"fields\": [\"Url\"]}}]"}}, {"model": "admin.logentry", "pk": 294, "fields": {"action_time": "2025-11-20T06:38:17.294Z", "user": 1, "content_type": 10, "object_id": "42", "object_repr": "Gemini", "action_flag": 3, "change_message": ""}}, {"model": "admin.logentry", "pk": 295, "fields": {"action_time": "2025-11-20T06:38:17.294Z", "user": 1, "content_type": 10, "object_id": "41", "object_repr": "New", "action_flag": 3, "change_message": ""}}, {"model": "admin.logentry", "pk": 296, "fields": {"action_time": "2025-11-20T06:38:17.294Z", "user": 1, "content_type": 10, "object_id": "40", "object_repr": "asdasd", "action_flag": 3, "change_message": ""}}, {"model": "admin.logentry", "pk": 297, "fields": {"action_time": "2025-11-20T06:38:17.294Z", "user": 1, "content_type": 10, "object_id": "39", "object_repr": "Micah Stanley", "action_flag": 3, "change_message": ""}}, {"model": "admin.logentry", "pk": 298, "fields": {"action_time": "2025-11-20T06:38:17.294Z", "user": 1, "content_type": 10, "object_id": "38", "object_repr": "Barclay Small", "action_flag": 3, "change_message": ""}}, {"model": "admin.logentry", "pk": 299, "fields": {"action_time": "2025-11-20T06:38:17.294Z", "user": 1, "content_type": 10, "object_id": "37", "object_repr": "Ulla Cervantes", "action_flag": 3, "change_message": ""}}, {"model": "admin.logentry", "pk": 300, "fields": {"action_time": "2025-11-20T06:38:17.295Z", "user": 1, "content_type": 10, "object_id": "36", "object_repr": "Adele Osborn", "action_flag": 3, "change_message": ""}}, {"model": "admin.logentry", "pk": 301, "fields": {"action_time": "2025-11-20T06:38:17.295Z", "user": 1, "content_type": 10, "object_id": "35", "object_repr": "sunday", "action_flag": 3, "change_message": ""}}, {"model": "admin.logentry", "pk": 302, "fields": {"action_time": "2025-11-20T06:38:17.295Z", "user": 1, "content_type": 10, "object_id": "34", "object_repr": "uiwwi", "action_flag": 3, "change_message": ""}}, {"model": "admin.logentry", "pk": 303, "fields": {"action_time": "2025-11-20T06:38:17.295Z", "user": 1, "content_type": 10, "object_id": "33", "object_repr": "csvUpload", "action_flag": 3, "change_message": ""}}, {"model": "admin.logentry", "pk": 304, "fields": {"action_time": "2025-11-20T06:38:17.295Z", "user": 1, "content_type": 10, "object_id": "32", "object_repr": "asdfiiir", "action_flag": 3, "change_message": ""}}, {"model": "admin.logentry", "pk": 305, "fields": {"action_time": "2025-11-20T06:38:17.295Z", "user": 1, "content_type": 10, "object_id": "31", "object_repr": "asdf", "action_flag": 3, "change_message": ""}}, {"model": "admin.logentry", "pk": 306, "fields": {"action_time": "2025-11-20T06:38:17.295Z", "user": 1, "content_type": 10, "object_id": "30", "object_repr": "sdfsd", "action_flag": 3, "change_message": ""}}, {"model": "admin.logentry", "pk": 307, "fields": {"action_time": "2025-11-20T06:38:17.295Z", "user": 1, "content_type": 10, "object_id": "29", "object_repr": "tytuytu", "action_flag": 3, "change_message": ""}}, {"model": "admin.logentry", "pk": 308, "fields": {"action_time": "2025-11-20T06:38:17.295Z", "user": 1, "content_type": 10, "object_id": "28", "object_repr": "Saturday", "action_flag": 3, "change_message": ""}}, {"model": "admin.logentry", "pk": 309, "fields": {"action_time": "2025-11-20T06:38:17.295Z", "user": 1, "content_type": 10, "object_id": "27", "object_repr": "Keane Reese", "action_flag": 3, "change_message": ""}}, {"model": "admin.logentry", "pk": 310, "fields": {"action_time": "2025-11-20T06:38:17.295Z", "user": 1, "content_type": 10, "object_id": "26", "object_repr": "Desiree Kelley", "action_flag": 3, "change_message": ""}}, {"model": "admin.logentry", "pk": 311, "fields": {"action_time": "2025-11-20T06:38:17.295Z", "user": 1, "content_type": 10, "object_id": "25", "object_repr": "Bertha Gentry", "action_flag": 3, "change_message": ""}}, {"model": "admin.logentry", "pk": 312, "fields": {"action_time": "2025-11-20T06:38:17.295Z", "user": 1, "content_type": 10, "object_id": "24", "object_repr": "Csrf ", "action_flag": 3, "change_message": ""}}, {"model": "admin.logentry", "pk": 313, "fields": {"action_time": "2025-11-20T06:38:17.295Z", "user": 1, "content_type": 10, "object_id": "23", "object_repr": "Lila Valenzuela", "action_flag": 3, "change_message": ""}}, {"model": "admin.logentry", "pk": 314, "fields": {"action_time": "2025-11-20T06:38:17.295Z", "user": 1, "content_type": 10, "object_id": "22", "object_repr": "Success Message", "action_flag": 3, "change_message": ""}}, {"model": "admin.logentry", "pk": 315, "fields": {"action_time": "2025-11-20T06:38:17.295Z", "user": 1, "content_type": 10, "object_id": "21", "object_repr": "SMS test", "action_flag": 3, "change_message": ""}}, {"model": "admin.logentry", "pk": 316, "fields": {"action_time": "2025-11-20T06:38:17.295Z", "user": 1, "content_type": 10, "object_id": "20", "object_repr": "hello brother", "action_flag": 3, "change_message": ""}}, {"model": "admin.logentry", "pk": 317, "fields": {"action_time": "2025-11-20T06:38:17.295Z", "user": 1, "content_type": 10, "object_id": "19", "object_repr": "Hello test", "action_flag": 3, "change_message": ""}}, {"model": "admin.logentry", "pk": 318, "fields": {"action_time": "2025-11-20T06:38:17.295Z", "user": 1, "content_type": 10, "object_id": "18", "object_repr": "Hello", "action_flag": 3, "change_message": ""}}, {"model": "admin.logentry", "pk": 319, "fields": {"action_time": "2025-11-20T06:38:17.295Z", "user": 1, "content_type": 10, "object_id": "17", "object_repr": "diwus", "action_flag": 3, "change_message": ""}}, {"model": "admin.logentry", "pk": 320, "fields": {"action_time": "2025-11-20T06:38:17.295Z", "user": 1, "content_type": 10, "object_id": "16", "object_repr": "yukeshes", "action_flag": 3, "change_message": ""}}, {"model": "admin.logentry", "pk": 321, "fields": {"action_time": "2025-11-20T06:38:17.295Z", "user": 1, "content_type": 10, "object_id": "15", "object_repr": "heroqro", "action_flag": 3, "change_message": ""}}, {"model": "admin.logentry", "pk": 322, "fields": {"action_time": "2025-11-20T06:38:17.296Z", "user": 1, "content_type": 10, "object_id": "14", "object_repr": "heroro", "action_flag": 3, "change_message": ""}}, {"model": "admin.logentry", "pk": 323, "fields": {"action_time": "2025-11-20T06:38:17.296Z", "user": 1, "content_type": 10, "object_id": "13", "object_repr": "ujjeal", "action_flag": 3, "change_message": ""}}, {"model": "admin.logentry", "pk": 324, "fields": {"action_time": "2025-11-20T06:38:17.296Z", "user": 1, "content_type": 10, "object_id": "11", "object_repr": "herozero", "action_flag": 3, "change_message": ""}}, {"model": "admin.logentry", "pk": 325, "fields": {"action_time": "2025-11-20T06:38:17.296Z", "user": 1, "content_type": 10, "object_id": "9", "object_repr": "tesssst", "action_flag": 3, "change_message": ""}}, {"model": "admin.logentry", "pk": 326, "fields": {"action_time": "2025-11-20T06:38:17.296Z", "user": 1, "content_type": 10, "object_id": "7", "object_repr": "dummy", "action_flag": 3, "change_message": ""}}, {"model": "admin.logentry", "pk": 327, "fields": {"action_time": "2025-11-25T03:31:40.741Z", "user": 1, "content_type": 13, "object_id": "4", "object_repr": "ujjwal.mrzn@gmail.com", "action_flag": 2, "change_message": "[{\"changed\": {\"fields\": [\"CreatedBy\"]}}]"}}, {"model": "auth.permission", "pk": 1, "fields": {"name": "Can add log entry", "content_type": 1, "codename": "add_logentry"}}, {"model": "auth.permission", "pk": 2, "fields": {"name": "Can change log entry", "content_type": 1, "codename": "change_logentry"}}, {"model": "auth.permission", "pk": 3, "fields": {"name": "Can delete log entry", "content_type": 1, "codename": "delete_logentry"}}, {"model": "auth.permission", "pk": 4, "fields": {"name": "Can view log entry", "content_type": 1, "codename": "view_logentry"}}, {"model": "auth.permission", "pk": 5, "fields": {"name": "Can add permission", "content_type": 2, "codename": "add_permission"}}, {"model": "auth.permission", "pk": 6, "fields": {"name": "Can change permission", "content_type": 2, "codename": "change_permission"}}, {"model": "auth.permission", "pk": 7, "fields": {"name": "Can delete permission", "content_type": 2, "codename": "delete_permission"}}, {"model": "auth.permission", "pk": 8, "fields": {"name": "Can view permission", "content_type": 2, "codename": "view_permission"}}, {"model": "auth.permission", "pk": 9, "fields": {"name": "Can add group", "content_type": 3, "codename": "add_group"}}, {"model": "auth.permission", "pk": 10, "fields": {"name": "Can change group", "content_type": 3, "codename": "change_group"}}, {"model": "auth.permission", "pk": 11, "fields": {"name": "Can delete group", "content_type": 3, "codename": "delete_group"}}, {"model": "auth.permission", "pk": 12, "fields": {"name": "Can view group", "content_type": 3, "codename": "view_group"}}, {"model": "auth.permission", "pk": 13, "fields": {"name": "Can add user", "content_type": 4, "codename": "add_user"}}, {"model": "auth.permission", "pk": 14, "fields": {"name": "Can change user", "content_type": 4, "codename": "change_user"}}, {"model": "auth.permission", "pk": 15, "fields": {"name": "Can delete user", "content_type": 4, "codename": "delete_user"}}, {"model": "auth.permission", "pk": 16, "fields": {"name": "Can view user", "content_type": 4, "codename": "view_user"}}, {"model": "auth.permission", "pk": 17, "fields": {"name": "Can add content type", "content_type": 5, "codename": "add_contenttype"}}, {"model": "auth.permission", "pk": 18, "fields": {"name": "Can change content type", "content_type": 5, "codename": "change_contenttype"}}, {"model": "auth.permission", "pk": 19, "fields": {"name": "Can delete content type", "content_type": 5, "codename": "delete_contenttype"}}, {"model": "auth.permission", "pk": 20, "fields": {"name": "Can view content type", "content_type": 5, "codename": "view_contenttype"}}, {"model": "auth.permission", "pk": 21, "fields": {"name": "Can add session", "content_type": 6, "codename": "add_session"}}, {"model": "auth.permission", "pk": 22, "fields": {"name": "Can change session", "content_type": 6, "codename": "change_session"}}, {"model": "auth.permission", "pk": 23, "fields": {"name": "Can delete session", "content_type": 6, "codename": "delete_session"}}, {"model": "auth.permission", "pk": 24, "fields": {"name": "Can view session", "content_type": 6, "codename": "view_session"}}, {"model": "auth.permission", "pk": 25, "fields": {"name": "Can add user", "content_type": 7, "codename": "add_user"}}, {"model": "auth.permission", "pk": 26, "fields": {"name": "Can change user", "content_type": 7, "codename": "change_user"}}, {"model": "auth.permission", "pk": 27, "fields": {"name": "Can delete user", "content_type": 7, "codename": "delete_user"}}, {"model": "auth.permission", "pk": 28, "fields": {"name": "Can view user", "content_type": 7, "codename": "view_user"}}, {"model": "auth.permission", "pk": 29, "fields": {"name": "Can add nav item", "content_type": 8, "codename": "add_navitem"}}, {"model": "auth.permission", "pk": 30, "fields": {"name": "Can change nav item", "content_type": 8, "codename": "change_navitem"}}, {"model": "auth.permission", "pk": 31, "fields": {"name": "Can delete nav item", "content_type": 8, "codename": "delete_navitem"}}, {"model": "auth.permission", "pk": 32, "fields": {"name": "Can view nav item", "content_type": 8, "codename": "view_navitem"}}, {"model": "auth.permission", "pk": 33, "fields": {"name": "Can add nav user relation", "content_type": 9, "codename": "add_navuserrelation"}}, {"model": "auth.permission", "pk": 34, "fields": {"name": "Can change nav user relation", "content_type": 9, "codename": "change_navuserrelation"}}, {"model": "auth.permission", "pk": 35, "fields": {"name": "Can delete nav user relation", "content_type": 9, "codename": "delete_navuserrelation"}}, {"model": "auth.permission", "pk": 36, "fields": {"name": "Can view nav user relation", "content_type": 9, "codename": "view_navuserrelation"}}, {"model": "auth.permission", "pk": 37, "fields": {"name": "Can add campaign", "content_type": 10, "codename": "add_campaign"}}, {"model": "auth.permission", "pk": 38, "fields": {"name": "Can change campaign", "content_type": 10, "codename": "change_campaign"}}, {"model": "auth.permission", "pk": 39, "fields": {"name": "Can delete campaign", "content_type": 10, "codename": "delete_campaign"}}, {"model": "auth.permission", "pk": 40, "fields": {"name": "Can view campaign", "content_type": 10, "codename": "view_campaign"}}, {"model": "auth.permission", "pk": 41, "fields": {"name": "Can add campaign contact", "content_type": 11, "codename": "add_campaigncontact"}}, {"model": "auth.permission", "pk": 42, "fields": {"name": "Can change campaign contact", "content_type": 11, "codename": "change_campaigncontact"}}, {"model": "auth.permission", "pk": 43, "fields": {"name": "Can delete campaign contact", "content_type": 11, "codename": "delete_campaigncontact"}}, {"model": "auth.permission", "pk": 44, "fields": {"name": "Can view campaign contact", "content_type": 11, "codename": "view_campaigncontact"}}, {"model": "auth.permission", "pk": 45, "fields": {"name": "Can add template", "content_type": 12, "codename": "add_template"}}, {"model": "auth.permission", "pk": 46, "fields": {"name": "Can change template", "content_type": 12, "codename": "change_template"}}, {"model": "auth.permission", "pk": 47, "fields": {"name": "Can delete template", "content_type": 12, "codename": "delete_template"}}, {"model": "auth.permission", "pk": 48, "fields": {"name": "Can view template", "content_type": 12, "codename": "view_template"}}, {"model": "auth.permission", "pk": 49, "fields": {"name": "Can add email host", "content_type": 13, "codename": "add_emailhost"}}, {"model": "auth.permission", "pk": 50, "fields": {"name": "Can change email host", "content_type": 13, "codename": "change_emailhost"}}, {"model": "auth.permission", "pk": 51, "fields": {"name": "Can delete email host", "content_type": 13, "codename": "delete_emailhost"}}, {"model": "auth.permission", "pk": 52, "fields": {"name": "Can view email host", "content_type": 13, "codename": "view_emailhost"}}, {"model": "auth.permission", "pk": 53, "fields": {"name": "Can add email template", "content_type": 14, "codename": "add_emailtemplate"}}, {"model": "auth.permission", "pk": 54, "fields": {"name": "Can change email template", "content_type": 14, "codename": "change_emailtemplate"}}, {"model": "auth.permission", "pk": 55, "fields": {"name": "Can delete email template", "content_type": 14, "codename": "delete_emailtemplate"}}, {"model": "auth.permission", "pk": 56, "fields": {"name": "Can view email template", "content_type": 14, "codename": "view_emailtemplate"}}, {"model": "auth.permission", "pk": 57, "fields": {"name": "Can add entity", "content_type": 15, "codename": "add_entity"}}, {"model": "auth.permission", "pk": 58, "fields": {"name": "Can change entity", "content_type": 15, "codename": "change_entity"}}, {"model": "auth.permission", "pk": 59, "fields": {"name": "Can delete entity", "content_type": 15, "codename": "delete_entity"}}, {"model": "auth.permission", "pk": 60, "fields": {"name": "Can view entity", "content_type": 15, "codename": "view_entity"}}, {"model": "auth.permission", "pk": 61, "fields": {"name": "Can add company", "content_type": 16, "codename": "add_company"}}, {"model": "auth.permission", "pk": 62, "fields": {"name": "Can change company", "content_type": 16, "codename": "change_company"}}, {"model": "auth.permission", "pk": 63, "fields": {"name": "Can delete company", "content_type": 16, "codename": "delete_company"}}, {"model": "auth.permission", "pk": 64, "fields": {"name": "Can view company", "content_type": 16, "codename": "view_company"}}, {"model": "auth.permission", "pk": 65, "fields": {"name": "Can add country", "content_type": 17, "codename": "add_country"}}, {"model": "auth.permission", "pk": 66, "fields": {"name": "Can change country", "content_type": 17, "codename": "change_country"}}, {"model": "auth.permission", "pk": 67, "fields": {"name": "Can delete country", "content_type": 17, "codename": "delete_country"}}, {"model": "auth.permission", "pk": 68, "fields": {"name": "Can view country", "content_type": 17, "codename": "view_country"}}, {"model": "auth.permission", "pk": 69, "fields": {"name": "Can add currency", "content_type": 18, "codename": "add_currency"}}, {"model": "auth.permission", "pk": 70, "fields": {"name": "Can change currency", "content_type": 18, "codename": "change_currency"}}, {"model": "auth.permission", "pk": 71, "fields": {"name": "Can delete currency", "content_type": 18, "codename": "delete_currency"}}, {"model": "auth.permission", "pk": 72, "fields": {"name": "Can view currency", "content_type": 18, "codename": "view_currency"}}, {"model": "auth.permission", "pk": 73, "fields": {"name": "Can add state", "content_type": 19, "codename": "add_state"}}, {"model": "auth.permission", "pk": 74, "fields": {"name": "Can change state", "content_type": 19, "codename": "change_state"}}, {"model": "auth.permission", "pk": 75, "fields": {"name": "Can delete state", "content_type": 19, "codename": "delete_state"}}, {"model": "auth.permission", "pk": 76, "fields": {"name": "Can view state", "content_type": 19, "codename": "view_state"}}, {"model": "auth.permission", "pk": 77, "fields": {"name": "Can add company status", "content_type": 20, "codename": "add_companystatus"}}, {"model": "auth.permission", "pk": 78, "fields": {"name": "Can change company status", "content_type": 20, "codename": "change_companystatus"}}, {"model": "auth.permission", "pk": 79, "fields": {"name": "Can delete company status", "content_type": 20, "codename": "delete_companystatus"}}, {"model": "auth.permission", "pk": 80, "fields": {"name": "Can view company status", "content_type": 20, "codename": "view_companystatus"}}, {"model": "auth.permission", "pk": 81, "fields": {"name": "Can add company category", "content_type": 21, "codename": "add_companycategory"}}, {"model": "auth.permission", "pk": 82, "fields": {"name": "Can change company category", "content_type": 21, "codename": "change_companycategory"}}, {"model": "auth.permission", "pk": 83, "fields": {"name": "Can delete company category", "content_type": 21, "codename": "delete_companycategory"}}, {"model": "auth.permission", "pk": 84, "fields": {"name": "Can view company category", "content_type": 21, "codename": "view_companycategory"}}, {"model": "auth.permission", "pk": 85, "fields": {"name": "Can add time zone", "content_type": 22, "codename": "add_timezone"}}, {"model": "auth.permission", "pk": 86, "fields": {"name": "Can change time zone", "content_type": 22, "codename": "change_timezone"}}, {"model": "auth.permission", "pk": 87, "fields": {"name": "Can delete time zone", "content_type": 22, "codename": "delete_timezone"}}, {"model": "auth.permission", "pk": 88, "fields": {"name": "Can view time zone", "content_type": 22, "codename": "view_timezone"}}, {"model": "auth.permission", "pk": 89, "fields": {"name": "Can add connectivity", "content_type": 23, "codename": "add_connectivity"}}, {"model": "auth.permission", "pk": 90, "fields": {"name": "Can change connectivity", "content_type": 23, "codename": "change_connectivity"}}, {"model": "auth.permission", "pk": 91, "fields": {"name": "Can delete connectivity", "content_type": 23, "codename": "delete_connectivity"}}, {"model": "auth.permission", "pk": 92, "fields": {"name": "Can view connectivity", "content_type": 23, "codename": "view_connectivity"}}, {"model": "auth.permission", "pk": 93, "fields": {"name": "Can add vendor", "content_type": 24, "codename": "add_vendor"}}, {"model": "auth.permission", "pk": 94, "fields": {"name": "Can change vendor", "content_type": 24, "codename": "change_vendor"}}, {"model": "auth.permission", "pk": 95, "fields": {"name": "Can delete vendor", "content_type": 24, "codename": "delete_vendor"}}, {"model": "auth.permission", "pk": 96, "fields": {"name": "Can view vendor", "content_type": 24, "codename": "view_vendor"}}, {"model": "contenttypes.contenttype", "pk": 1, "fields": {"app_label": "admin", "model": "logentry"}}, {"model": "contenttypes.contenttype", "pk": 2, "fields": {"app_label": "auth", "model": "permission"}}, {"model": "contenttypes.contenttype", "pk": 3, "fields": {"app_label": "auth", "model": "group"}}, {"model": "contenttypes.contenttype", "pk": 4, "fields": {"app_label": "auth", "model": "user"}}, {"model": "contenttypes.contenttype", "pk": 5, "fields": {"app_label": "contenttypes", "model": "contenttype"}}, {"model": "contenttypes.contenttype", "pk": 6, "fields": {"app_label": "sessions", "model": "session"}}, {"model": "contenttypes.contenttype", "pk": 7, "fields": {"app_label": "squadServices", "model": "user"}}, {"model": "contenttypes.contenttype", "pk": 8, "fields": {"app_label": "squadServices", "model": "navitem"}}, {"model": "contenttypes.contenttype", "pk": 9, "fields": {"app_label": "squadServices", "model": "navuserrelation"}}, {"model": "contenttypes.contenttype", "pk": 10, "fields": {"app_label": "squadServices", "model": "campaign"}}, {"model": "contenttypes.contenttype", "pk": 11, "fields": {"app_label": "squadServices", "model": "campaigncontact"}}, {"model": "contenttypes.contenttype", "pk": 12, "fields": {"app_label": "squadServices", "model": "template"}}, {"model": "contenttypes.contenttype", "pk": 13, "fields": {"app_label": "squadServices", "model": "emailhost"}}, {"model": "contenttypes.contenttype", "pk": 14, "fields": {"app_label": "squadServices", "model": "emailtemplate"}}, {"model": "contenttypes.contenttype", "pk": 15, "fields": {"app_label": "squadServices", "model": "entity"}}, {"model": "contenttypes.contenttype", "pk": 16, "fields": {"app_label": "squadServices", "model": "company"}}, {"model": "contenttypes.contenttype", "pk": 17, "fields": {"app_label": "squadServices", "model": "country"}}, {"model": "contenttypes.contenttype", "pk": 18, "fields": {"app_label": "squadServices", "model": "currency"}}, {"model": "contenttypes.contenttype", "pk": 19, "fields": {"app_label": "squadServices", "model": "state"}}, {"model": "contenttypes.contenttype", "pk": 20, "fields": {"app_label": "squadServices", "model": "companystatus"}}, {"model": "contenttypes.contenttype", "pk": 21, "fields": {"app_label": "squadServices", "model": "companycategory"}}, {"model": "contenttypes.contenttype", "pk": 22, "fields": {"app_label": "squadServices", "model": "timezone"}}, {"model": "contenttypes.contenttype", "pk": 23, "fields": {"app_label": "squadServices", "model": "connectivity"}}, {"model": "contenttypes.contenttype", "pk": 24, "fields": {"app_label": "squadServices", "model": "vendor"}}, {"model": "sessions.session", "pk": "8n7hk60i7qqtvmduyec0cejpvzofysyz", "fields": {"session_data": ".eJxVjMsOwiAUBf-FtSFAeYhL9_0Gwn1UqgaS0q6M_65NutDtmZnzEilva0lb5yXNJC5Ci9PvBhkfXHdA91xvTWKr6zKD3BV50C7HRvy8Hu7fQcm9fOuBLSqYyNvBKGQI3rGLBAEceJsjkY6ATrGFMyNlDAMHImfsZLTxIN4fCHg46w:1vNkf8:7XtJACY26WeOFna5AKAsZPObbTaGlQBgx5JL1F3SEQk", "expire_date": "2025-12-09T04:28:22.820Z"}}, {"model": "sessions.session", "pk": "o6xjgu3mukwv398fgfw28tmdwd6gfvzp", "fields": {"session_data": ".eJxVjMsOwiAUBf-FtSFAeYhL9_0Gwn1UqgaS0q6M_65NutDtmZnzEilva0lb5yXNJC5Ci9PvBhkfXHdA91xvTWKr6zKD3BV50C7HRvy8Hu7fQcm9fOuBLSqYyNvBKGQI3rGLBAEceJsjkY6ATrGFMyNlDAMHImfsZLTxIN4fCHg46w:1vHJUM:C5mySKDokuWAB3mKTwBKJS8BNXBImQDH3rFPiylIX3A", "expire_date": "2025-11-21T10:14:38.999Z"}}, {"model": "sessions.session", "pk": "p82a1wv93s4hdit0un420s3t8p86dvix", "fields": {"session_data": ".eJxVjMsOwiAUBf-FtSFAeYhL9_0Gwn1UqgaS0q6M_65NutDtmZnzEilva0lb5yXNJC5Ci9PvBhkfXHdA91xvTWKr6zKD3BV50C7HRvy8Hu7fQcm9fOuBLSqYyNvBKGQI3rGLBAEceJsjkY6ATrGFMyNlDAMHImfsZLTxIN4fCHg46w:1vHJUy:79pI0e0Il7RW247fs17EgYEuQ8nQFfRc3wnUgQHt9Cw", "expire_date": "2025-11-21T10:15:16.741Z"}}, {"model": "sessions.session", "pk": "sg6s1wqewtnxcsrdg6pinkfip6cu6q7u", "fields": {"session_data": ".eJxVjMsOwiAUBf-FtSFAeYhL9_0Gwn1UqgaS0q6M_65NutDtmZnzEilva0lb5yXNJC5Ci9PvBhkfXHdA91xvTWKr6zKD3BV50C7HRvy8Hu7fQcm9fOuBLSqYyNvBKGQI3rGLBAEceJsjkY6ATrGFMyNlDAMHImfsZLTxIN4fCHg46w:1vNV1Z:nPjhM7qrkhBK6uklo6DJTMRo49Uhsj_EXm_VdNa5nKQ", "expire_date": "2025-12-08T11:46:29.975Z"}}, {"model": "sessions.session", "pk": "x0ter1n7eqicwbq0ayebbfazv6g729i0", "fields": {"session_data": ".eJxVjMsOwiAUBf-FtSFAeYhL9_0Gwn1UqgaS0q6M_65NutDtmZnzEilva0lb5yXNJC5Ci9PvBhkfXHdA91xvTWKr6zKD3BV50C7HRvy8Hu7fQcm9fOuBLSqYyNvBKGQI3rGLBAEceJsjkY6ATrGFMyNlDAMHImfsZLTxIN4fCHg46w:1vFms1:I9RuGCVg9BZ00dS56oNYNvjhwYZ8ZDO3rPSaXZvpSps", "expire_date": "2025-11-17T05:12:45.491Z"}}]